group,separated_group
0,0
0,1
0,2
1,1
1,2
1,3
2,2
2,4
2,5
3,5
3,6
4,2
4,5
4,7
5,1
5,5
5,8
6,1
6,5
6,9
7,1
7,5
7,10
8,1
8,2
8,11
9,1
9,2
9,5
9,12
10,5
10,13
11,1
11,5
11,14
12,1
12,15
13,1
13,2
13,16
14,1
14,5
14,17
15,5
15,18
16,5
16,19
17,1
17,5
17,20
18,5
18,21
19,5
19,22
20,1
20,23
21,1
21,24
22,1
22,25
23,1
23,2
23,26
24,5
24,27
25,1
25,5
25,28
26,1
26,29
27,1
27,30
28,1
28,31
29,5
29,32
30,5
30,33
31,1
31,34
32,5
32,35
33,5
33,36
33,37
34,5
34,38
35,39
36,2
36,40
37,5
37,41
38,5
38,42
39,1
39,43
40,5
40,44
41,5
41,45
42,5
42,46
43,5
43,47
44,5
44,48
45,5
45,49
46,1
46,50
47,1
47,51
47,52
48,1
48,2
48,53
49,1
49,54
50,5
50,55
51,5
51,56
52,5
52,57
53,5
53,58
54,5
54,59
55,5
55,60
56,52
56,61
57,5
57,62
58,2
58,5
58,63
59,2
59,5
59,37
59,64
60,2
60,65
61,5
61,66
62,5
62,37
62,67
63,1
63,5
63,68
64,5
64,69
65,5
65,70
66,1
66,71
67,1
67,2
67,72
68,73
68,74
69,1
69,75
70,1
70,76
71,1
71,77
72,1
72,78
73,1
73,5
73,79
74,2
74,80
75,2
75,81
76,2
76,5
76,82
77,1
77,83
78,1
78,84
79,5
79,85
80,5
80,86
81,2
81,5
81,87
82,1
82,88
83,2
83,89
84,2
84,5
84,90
85,1
85,37
85,91
86,1
86,92
87,1
87,5
87,93
88,5
88,94
89,5
89,95
90,5
90,96
91,97
92,5
92,98
93,99
94,1
94,2
94,37
94,100
95,1
95,5
95,101
96,5
96,102
97,2
97,5
97,103
97,104
98,1
98,2
98,105
99,2
99,106
100,5
100,107
101,108
101,109
102,1
102,5
102,110
103,1
103,111
104,1
104,112
105,1
105,5
105,113
106,1
106,114
107,1
107,115
108,1
108,116
109,1
109,117
110,5
110,118
111,5
111,119
112,1
112,120
113,1
113,2
113,121
114,5
114,37
114,104
114,122
115,2
115,5
115,123
116,2
116,124
117,2
117,5
117,104
117,125
118,2
118,126
119,2
119,127
120,1
120,2
120,128
121,2
121,5
121,37
121,129
122,2
122,5
122,37
122,130
123,2
123,5
123,37
123,131
124,2
124,5
124,132
125,1
125,2
125,133
126,1
126,134
127,135
128,1
128,136
129,1
129,137
130,138
131,1
131,139
132,5
132,37
132,140
133,1
133,141
134,5
134,142
135,1
135,143
136,1
136,5
136,144
137,2
137,37
137,145
138,5
138,146
139,1
139,2
139,5
139,37
139,147
140,5
140,148
141,1
141,5
141,37
141,149
142,150
142,151
143,1
143,37
143,152
144,5
144,153
145,1
145,154
146,1
146,155
147,1
147,156
148,1
148,157
149,5
149,158
150,5
150,159
151,1
151,160
152,1
152,161
153,5
153,37
153,162
154,5
154,163
155,1
155,164
156,5
156,165
157,166
158,1
158,167
159,5
159,37
159,168
160,5
160,169
161,170
161,171
162,172
163,1
163,5
163,37
163,173
164,5
164,174
165,74
165,175
166,1
166,176
167,1
167,177
168,1
168,178
169,5
169,179
170,5
170,37
170,104
170,180
171,2
171,181
172,1
172,182
173,5
173,183
174,1
174,5
174,184
175,1
175,185
176,1
176,5
176,186
177,1
177,2
177,187
178,74
178,188
179,5
179,189
180,5
180,190
181,191
181,192
182,1
182,193
183,5
183,194
184,1
184,195
185,5
185,196
186,5
186,197
187,198
188,1
188,199
189,1
189,5
189,200
190,5
190,201
191,202
191,203
192,1
192,5
192,204
193,1
193,205
194,1
194,206
195,1
195,207
196,1
196,208
197,1
197,209
198,210
199,5
199,211
200,1
200,212
201,5
201,213
202,74
202,214
203,74
203,215
204,216
205,1
205,217
206,5
206,218
207,1
207,219
208,74
208,220
209,221
210,1
210,222
211,5
211,223
212,1
212,224
213,1
213,225
214,226
215,1
215,227
216,1
216,74
216,228
217,5
217,229
218,230
219,5
219,231
220,232
220,233
221,5
221,234
222,1
222,235
222,236
223,1
223,237
224,74
224,238
225,74
225,239
226,5
226,240
227,5
227,241
228,74
228,242
229,5
229,243
230,5
230,37
230,244
231,245
232,246
233,247
234,236
234,248
235,249
236,250
237,251
238,252
239,2
239,253
240,254
241,170
241,233
242,1
242,255
243,256
244,5
244,257
245,1
245,258
246,5
246,259
247,260
248,261
249,262
250,263
251,264
251,265
252,266
253,171
253,267
254,268
255,269
256,5
256,270
256,271
257,272
258,273
259,274
260,74
260,275
261,276
262,277
263,5
263,278
264,264
264,279
265,5
265,280
266,281
267,282
268,283
269,248
269,284
270,170
270,285
271,286
272,287
273,288
274,5
274,289
275,290
276,5
276,291
277,1
277,292
278,1
278,293
279,1
279,5
279,294
280,5
280,295
281,5
281,296
282,1
282,37
282,297
283,298
284,5
284,37
284,299
285,300
286,301
287,302
288,303
289,304
290,305
291,306
292,170
292,307
293,308
294,309
295,1
295,310
296,311
297,312
298,313
299,314
300,315
301,316
302,317
303,5
303,318
304,5
304,37
304,319
305,5
305,37
305,320
306,321
307,171
307,232
308,322
309,1
309,2
309,37
309,323
310,1
310,5
310,324
311,325
312,326
313,1
313,327
314,1
314,74
314,328
315,1
315,329
316,5
316,330
317,331
318,1
318,332
319,333
320,74
320,334
321,74
321,335
322,170
322,336
323,337
324,338
325,339
325,340
326,1
326,341
327,342
328,343
329,344
330,345
331,346
332,264
332,347
333,348
334,349
335,350
336,1
336,5
336,351
337,1
337,5
337,37
337,352
338,353
339,74
339,354
340,355
341,1
341,356
342,357
343,1
343,358
344,1
344,359
345,360
346,361
347,1
347,362
348,363
349,2
349,364
350,365
351,1
351,366
352,367
353,1
353,368
354,5
354,369
355,170
355,370
356,371
357,372
358,373
359,374
360,375
361,1
361,376
362,1
362,377
363,2
363,378
364,5
364,379
365,370
365,380
366,381
367,1
367,382
368,1
368,383
369,384
370,1
370,385
371,386
372,387
373,170
373,388
374,389
375,390
376,2
376,391
377,392
378,1
378,393
379,2
379,394
380,395
381,2
381,396
382,2
382,397
383,1
383,398
384,2
384,399
385,5
385,400
386,1
386,401
387,1
387,402
388,2
388,403
389,404
390,5
390,405
391,406
392,407
393,408
394,2
394,409
395,410
396,411
397,74
397,412
398,413
399,370
399,414
400,415
401,5
401,416
402,417
403,2
403,418
404,1
404,419
405,420
406,421
407,422
408,423
409,424
410,1
410,425
411,1
411,74
411,202
412,5
412,37
412,426
413,1
413,5
413,427
414,428
415,370
415,429
416,430
416,431
417,432
418,433
419,434
420,435
421,2
421,436
422,2
422,437
423,5
423,438
424,439
425,440
426,5
426,441
427,5
427,442
428,1
428,2
428,443
429,1
429,171
429,444
430,1
430,74
430,445
431,446
431,447
432,448
433,248
433,449
434,450
435,388
435,451
436,170
436,452
436,453
437,454
438,1
438,2
438,455
439,1
439,456
440,2
440,457
441,2
441,458
442,459
443,370
443,451
444,460
445,370
445,461
446,370
446,462
447,463
448,370
448,464
449,370
449,465
450,370
450,466
451,467
452,2
452,468
453,5
453,109
453,469
454,370
454,470
455,471
456,370
456,472
457,473
458,474
459,475
460,370
460,476
461,370
461,477
462,74
462,478
463,248
463,431
464,479
465,480
466,370
466,481
467,482
468,483
469,484
470,485
471,486
472,487
473,5
473,488
474,489
475,490
476,491
477,492
478,5
478,493
479,5
479,494
480,5
480,495
481,496
482,171
482,414
483,1
483,497
484,498
485,499
486,500
487,501
488,1
488,502
489,5
489,503
490,504
491,505
492,506
493,5
493,507
494,508
495,1
495,509
496,267
496,370
497,52
497,510
498,1
498,511
499,1
499,512
500,513
501,514
502,515
503,388
503,429
504,516
505,517
506,518
507,519
508,1
508,520
509,233
509,451
510,521
511,522
512,523
513,524
514,525
515,526
516,527
516,528
517,370
517,529
518,530
519,531
520,532
521,370
521,533
522,534
523,535
524,536
525,2
525,537
526,2
526,538
527,1
527,539
528,74
528,540
529,541
530,452
530,542
531,543
532,370
532,544
533,2
533,545
534,546
535,547
536,370
536,548
537,549
538,550
539,551
540,552
541,553
542,2
542,554
543,555
544,388
544,529
545,556
546,557
547,2
547,558
548,388
548,548
549,2
549,559
550,5
550,560
551,561
552,562
552,563
553,564
554,565
555,566
556,567
557,2
557,568
558,569
559,563
559,570
560,571
561,2
561,572
562,573
563,447
563,574
564,575
565,388
565,576
566,1
566,577
567,578
567,579
568,580
569,370
569,581
570,578
570,582
571,578
571,583
572,578
572,584
573,447
573,585
574,586
575,587
576,588
576,589
577,590
578,388
578,470
579,591
580,388
580,477
581,592
582,431
582,593
583,594
584,5
584,595
585,431
585,596
586,597
587,598
588,599
589,2
589,600
590,601
591,370
591,576
592,602
593,603
594,604
595,370
595,605
596,606
597,607
598,388
598,461
599,608
600,2
600,609
601,447
601,610
602,447
602,611
603,2
603,612
604,613
605,614
606,370
606,615
607,616
608,617
609,618
610,619
611,620
612,621
613,622
614,623
615,624
616,625
617,626
618,627
619,628
620,629
621,630
622,336
622,477
623,563
623,631
624,632
625,633
626,2
626,634
627,635
628,527
628,589
629,636
630,637
631,370
631,638
632,2
632,639
633,1
633,640
634,2
634,641
635,642
636,388
636,476
637,643
637,644
638,645
639,1
639,646
640,647
641,447
641,648
642,649
643,650
644,651
645,652
646,653
647,654
648,655
649,656
650,447
650,657
651,658
652,659
653,660
654,265
654,527
655,661
656,662
657,370
657,663
658,388
658,664
659,665
660,666
661,370
661,664
662,667
662,668
663,669
664,2
664,431
664,670
665,1
665,671
666,2
666,672
667,673
