separated_group,separated_EQ,MIN_E
0,4778,-834.089079432356
1,5180,-306.422012732339
2,248,-323.464640882549
3,2397,-834.089084175309
4,1934,-908.305097754314
5,1515,-232.213332233912
6,3369,-1231.8249014277
7,63,-908.305097681845
8,20,-925.391333857074
9,6018,-925.375784958571
10,4150,-925.391332696572
11,1044,-834.089078273188
12,4484,-601.845681709288
13,6178,-1231.817832497314
14,1843,-925.351812905506
15,921,-1157.612723349357
16,4578,-834.089082243522
17,806,-925.402260740378
18,105,-1231.803414713741
19,649,-1231.833030949671
20,4591,-925.375770488974
21,3879,-1231.825113534314
22,732,-1231.833055299948
23,801,-1157.604183457079
24,374,-1157.603297119271
25,243,-1157.604232801255
26,4507,-834.089082320254
27,3601,-1231.799957086751
28,1597,-925.402260801291
29,568,-1157.612715585755
30,5403,-1157.619399230014
31,989,-1157.612720762074
32,1660,-1231.833032995124
33,378,-1231.803029566518
34,399,-1157.602533065409
35,4343,-1231.819652482128
36,409,-1043.26463026746
37,2713,-188.540119186466
38,462,-1231.832599982942
39,,
40,532,-1140.514046409097
41,2737,-1231.820541195272
42,1302,-1231.833055585211
43,555,-1157.604240065598
44,557,-1231.816100370579
45,3153,-1231.815281792648
46,2896,-1231.808153225369
47,1741,-1231.796395447221
48,660,-1231.839630418683
49,4944,-1231.794695440508
50,3960,-1157.620291174552
51,689,-834.077757765639
52,762,-323.464641168248
53,699,-834.04814707053
54,702,-1157.548893410401
55,722,-1231.822688277844
56,1737,-1231.802599297519
57,730,-1231.79804356986
58,3402,-1231.791768971013
59,2942,-1231.823118974365
60,4962,-1231.830952932066
61,6229,-1140.53445710436
62,2290,-1231.838914019561
63,1483,-908.305097602889
64,4090,-719.766311688935
65,869,-1140.527767788026
66,886,-1231.814258322475
67,2771,-1043.261762100958
68,3278,-925.350665512
69,6080,-1231.799805251285
70,923,-1231.820691114097
71,1265,-1157.575295782837
72,971,-834.086403938577
73,3437,-1231.833032430183
74,5538,-232.213332389056
75,993,-1157.581444207917
76,995,-1157.561506208104
77,1267,-1157.575296110133
78,1502,-1157.604234133379
79,2086,-925.351801201528
80,1066,-1140.520084148395
81,4235,-1140.521106266657
82,4530,-908.304210588877
83,1105,-1157.538767741044
84,1107,-1157.58284078221
85,1111,-1231.818327317583
86,1135,-1231.85261864949
87,2994,-908.274141540531
88,2927,-1157.604180647807
89,1230,-1140.492647983515
90,1232,-908.315176417909
91,1242,-969.034446496229
92,1245,-1157.565801777563
93,1247,-925.376279056315
94,2234,-1231.815423720765
95,1322,-1231.798048559602
96,1897,-1231.756757020998
97,1344,-1464.023274687283
98,2076,-1231.838576972817
99,,
100,1435,-645.539964556791
101,1445,-925.375776220478
102,1448,-1231.831399654715
103,1477,-621.729419807539
104,2481,-286.556336254385
105,1499,-834.086402372207
106,3494,-1140.536194539414
107,1559,-1231.834313613227
108,1561,-987.666264029371
109,1562,-476.335862684381
110,1570,-925.318879254152
111,1573,-1157.564242889493
112,1575,-1157.564233863568
113,1580,-925.306625769985
114,1583,-1157.545930577614
115,1682,-1157.60330089115
116,1684,-1157.591147608633
117,1700,-1157.600428499034
118,1717,-1231.824362019406
119,1719,-1231.826449490292
120,1728,-1157.581443239496
121,1861,-834.048148995152
122,1733,-756.692620672173
123,1764,-908.314331591942
124,1767,-1140.544236287577
125,1776,-621.729711615797
126,1784,-1140.500666983918
127,1786,-1140.480361179932
128,1795,-834.048153118419
129,4386,-719.76631552904
130,1875,-719.770998116152
131,1879,-719.773885431775
132,1937,-908.305098191699
133,1949,-834.089098071252
134,1955,-1157.581443955637
135,1976,-1464.016456367525
136,4320,-1157.576842143429
137,1979,-1157.573529421407
138,1981,-1464.001372417939
139,2014,-1157.590183441712
140,2025,-1043.246497825496
141,2031,-1157.594848903455
142,2080,-1231.805728171542
143,2042,-1157.55560000203
144,2047,-925.366203008212
145,4022,-951.981270428782
146,2094,-1231.793685745295
147,4752,-413.298492976074
148,2113,-1231.806610210512
149,2123,-736.810939741206
150,2127,-1140.530772526988
151,2128,-323.464640277918
152,2461,-969.006990572517
153,3476,-1231.805834716608
154,2872,-1157.603291310743
155,3733,-1157.600705328679
156,2544,-1157.568018940504
157,2949,-1157.582324374209
158,2183,-1231.798432761275
159,2185,-1231.80611341221
160,2570,-1157.598638586769
161,2212,-1157.612723882137
162,3242,-1043.273938973818
163,3377,-1231.829129000658
164,3472,-1157.599091436271
165,2259,-1231.811798702053
166,3973,-1464.032387190272
167,3543,-1157.588020927747
168,2266,-1043.257399132298
169,2273,-1231.80337936563
170,5980,-987.675155781069
171,7003,-476.315589404525
172,2355,-1464.006279063387
173,3231,-736.815861591549
174,2379,-1231.791321399418
175,6757,-1231.822000506625
176,6001,-1157.582125449812
177,2419,-1157.603303747776
178,3021,-1157.599099740017
179,2469,-1231.83534877742
180,2480,-756.692279859524
181,2493,-1140.537971152461
182,2497,-1157.598639059174
183,2499,-1231.79169507933
184,3179,-925.324945154863
185,2549,-1157.551291023779
186,3108,-925.361131653488
187,2587,-834.042119189517
188,2624,-1231.828379870648
189,2634,-1231.777734932918
190,3666,-1231.813017190434
191,,
192,,
193,3111,-1157.579581319917
194,,
195,2786,-1157.580868137662
196,3970,-1231.809784539802
197,4261,-1231.798720824711
198,2812,-1463.98232575779
199,2815,-1157.62028501024
200,2842,-925.369003005419
201,6793,-1231.82459987895
202,5064,-925.382441813139
203,2852,-538.669185271236
204,3761,-925.382448886013
205,5712,-1157.616323519806
206,2931,-1157.583152064596
207,2933,-1157.614034901826
208,3275,-1157.606939580991
209,2980,-1157.563038947362
210,2984,-1464.043407325506
211,3263,-1231.819319428745
212,3029,-1157.582126670969
213,3044,-1231.796837582123
214,3067,-1231.828374769581
215,3095,-1231.838901795084
216,,
217,6400,-1157.604455873711
218,3317,-1231.831182347809
219,3135,-1157.585094162228
220,3142,-1231.820139987449
221,3144,-1464.013484472049
222,3186,-1157.574641380115
223,3198,-1231.827283159271
224,3202,-1157.576176317224
225,3257,-1157.56158279669
226,,
227,,
228,3314,-925.402250648037
229,3319,-1231.811319652422
230,3331,-1464.027127587849
231,4075,-1231.818722525398
232,4171,-987.673266397306
233,6103,-476.344828364038
234,5947,-1231.824897892226
235,,
236,5200,
237,3357,-1157.60424107326
238,3371,-1231.795910262776
239,3375,-1231.821998866707
240,3379,-1231.828352399807
241,3390,-1231.820691957526
242,,
243,3460,-1231.788368667815
244,3484,-1043.265823749404
245,3674,-1464.042327274451
246,4105,-1464.007706586975
247,6256,-1464.021935580858
248,4211,
249,3537,-1464.016923085775
250,3541,-1464.00589519322
251,3659,-1464.014535048326
252,4245,-1464.018298856442
253,4142,-1140.520807114819
254,3575,-1464.019710320217
255,3606,-1157.585568187337
256,3857,-1464.01184203354
257,6078,-1231.797169179516
258,6844,-1157.601339712982
259,3648,-1231.835067573194
260,4419,-1464.021668093819
261,3663,-1464.007437220347
262,4203,-1464.015283433
263,4063,-1464.016256347659
264,6003,-987.647927391074
265,6004,-476.342116383541
266,4231,-1464.031362855774
267,5950,-987.669900903297
268,5247,-1464.029666137241
269,3742,-1464.017550947216
270,3752,-925.402254063019
271,3754,-306.423281209856
272,3756,-1464.022527365835
273,6130,-1464.016329222865
274,3787,-1464.02884825575
275,3794,-1231.823260893113
276,3798,-1464.002675471619
277,4115,-1464.018567184965
278,3841,-1231.823479826506
279,4205,-476.305589844693
280,3866,-1231.761947989431
281,3870,-1463.994443035168
282,3878,-1463.995216959976
283,3881,-1464.00487995066
284,,
285,4385,-476.344830389251
286,4732,-1464.048833530937
287,4303,-1463.98097888822
288,3904,-1464.000218940047
289,3905,-1231.807478071
290,5685,-1464.057817467798
291,3908,-1231.81783242549
292,4443,-1157.617375738794
293,5650,-1157.618697631787
294,3918,-925.387803065147
295,3934,-1231.817827396821
296,3936,-1231.796383324971
297,3949,-968.982951020438
298,3962,-1464.012927689686
299,3967,-1043.258039366497
300,5022,-1464.046804407606
301,,
302,3984,-1463.997980853248
303,3986,-1464.008318849096
304,4005,-1463.995912084712
305,4038,-1464.049667898045
306,5851,-1464.046188716119
307,4413,-476.31438805117
308,4053,-1464.017546286598
309,4072,-1463.994411911898
310,4073,-1157.580863669087
311,4080,-1464.029427558904
312,4083,-1464.010834801693
313,4133,-1464.001931919222
314,4108,-1464.006076693498
315,4109,-1464.003480291369
316,4194,-1464.01893386235
317,4114,-1464.010359028836
318,4125,-1231.792808282741
319,4127,-1043.258114092749
320,4130,-1043.227678610782
321,7237,-1464.03368618619
322,4181,-1464.05516587535
323,4182,-645.540457498679
324,4186,-925.370295567017
325,4219,-1463.98773805257
326,5335,-1464.048118843953
327,,
328,4248,-925.402251411602
329,4263,-1157.600439033617
330,,
331,4273,-1464.006793170764
332,4275,-1157.580862771588
333,4282,-1463.995881453119
334,4288,-1231.82377380736
335,4299,-1231.806875942819
336,6096,-476.304011753901
337,4307,-1464.019437709863
338,4308,-1464.058193800589
339,4314,-987.659432010854
340,4315,-476.342117778871
341,4318,-1157.587644989713
342,4322,-1464.051311420099
343,4323,-1464.026470334133
344,4324,-1463.992546597933
345,4340,-1464.007963432979
346,4338,-1464.041747787016
347,4349,-476.30390682751
348,4354,-1464.014367748646
349,4362,-1464.013724260738
350,,
351,4390,-925.346247775167
352,4393,-736.793499208172
353,4402,-1464.010357840199
354,4403,-1231.783075156846
355,4415,-1464.016423981885
356,5509,-1157.591159330856
357,4425,-1464.015530488269
358,4429,-1157.572853878794
359,4431,-1157.572849129571
360,4435,-1464.027173013663
361,4456,-1464.017556235567
362,4473,-1157.567142403103
363,4480,-1464.055975652656
364,4498,-1140.519167569722
365,5121,-1464.059976376381
366,4549,-1157.499427708434
367,5031,-1464.041464935411
368,4570,-1157.594754049971
369,4955,-1231.834251244139
370,6914,-476.344829670933
371,4596,-1464.041556399256
372,6534,-1464.081908973135
373,5343,-1463.992158766777
374,4602,-1464.021325477752
375,4603,-1464.042819658629
376,4633,-1157.616767443296
377,6567,-1157.628798954804
378,5838,-1140.551067309951
379,4647,-1231.81985426787
380,4650,-987.685151458409
381,4652,-1464.015682440222
382,5117,-1157.606108848037
383,4976,-1157.619397797722
384,4660,-1463.983863315502
385,4665,-1157.612711339645
386,4667,-1464.026355177638
387,4668,-1464.027543087407
388,6873,-476.34483156338
389,4686,-1463.98956533307
390,5287,-1464.041774936402
391,5220,-1140.547154057115
392,5848,-1464.056613293093
393,5184,-1157.618702140948
394,4749,-1140.54300639504
395,4751,-1464.020550462443
396,4774,-1140.500131512897
397,4776,-1140.47177189574
398,4796,-1157.577781904058
399,4810,-1140.515741034471
400,4829,-1231.76765189116
401,4831,-1157.614535120856
402,4845,-1157.590457136313
403,4866,-1140.500309326446
404,4874,-1464.015403431535
405,4887,-1231.80639600679
406,4903,-1463.972412646891
407,4916,-1463.967407046357
408,5037,-1464.030331800206
409,4933,-1140.490802657153
410,4937,-1464.040675905188
411,4938,-1464.017763564424
412,4971,-1231.792437766451
413,6207,-1464.058592687894
414,7059,-987.682005669929
415,4987,-1464.011597747055
416,4988,-1231.803444857585
417,4994,-1464.031637254761
418,5473,-1140.550242498608
419,5698,-1157.628806767614
420,5021,-1464.042494872667
421,5043,-1464.003934649222
422,5378,-1464.017786433786
423,5055,-1464.007740405968
424,5056,-1464.006780407042
425,5062,-1157.60123907594
426,5067,-1043.267927532893
427,5080,-925.402252592201
428,5430,-1464.044847517688
429,6740,-987.693949655323
430,,
431,,
432,5130,-1464.006847523759
433,5135,-1464.042766273763
434,5139,-1464.068315446916
435,5141,-1464.059663449179
436,5144,-1140.532451930759
437,5158,-1140.551069026072
438,5160,-1231.792925763816
439,5901,-1464.038916715355
440,5164,-1464.00708347094
441,5177,-1231.806814243937
442,6051,-1231.834935654122
443,5186,-834.086118674889
444,5196,-681.195661780175
445,5214,-925.375771224881
446,6983,-926.592509731899
447,5230,-537.449403630935
448,5246,-1464.0182333174
449,,
450,5267,-1464.030763990578
451,5426,-987.658432510922
452,6189,-399.87991931669
453,5308,-76.414317246193
454,5604,-1464.040763531925
455,5352,-834.096013634565
456,5357,-1157.616225524041
457,5843,-1140.546784481819
458,5411,-1140.564341621791
459,5484,-1464.081079077167
460,5428,-1464.032086997947
461,6553,-987.674284472122
462,5439,-987.673150370181
463,5445,-1464.043447650063
464,5458,-987.62266875766
465,6974,-987.685842660143
466,5464,-987.675411584591
467,5481,-1464.058482248798
468,6578,-1140.562540055356
469,5495,-755.464957934752
470,5502,-987.71392694918
471,5593,-1464.040673180659
472,5522,-987.690835897554
473,5525,-1464.069497599169
474,7026,-1464.072954466272
475,5527,-1464.026994593126
476,5531,-987.679511316027
477,7139,-987.683696713996
478,5535,-1231.841359854985
479,5558,-1464.081666988905
480,5563,-1464.081374707307
481,5569,-987.690445781539
482,5574,-1464.042214407477
483,5596,-1464.028116961779
484,6212,-1464.080788630891
485,5618,-1464.034440169668
486,6302,-1464.044706605362
487,6303,-1464.048934370725
488,5666,-1231.749007895126
489,5675,-1464.023643836603
490,5688,-1464.051228186035
491,5708,-1464.046006927229
492,5718,-1464.046604022886
493,5761,-1231.841344795076
494,5767,-1231.834280650538
495,5769,-1231.815926059938
496,6795,-1464.041555224152
497,5798,-1157.583344297751
498,5808,-1464.068364811273
499,5823,-1464.045910921103
500,5837,-1464.027765743212
501,5866,-1464.031382068742
502,5871,-1157.619279252958
503,5874,-1231.769299589112
504,5880,-1464.042824957245
505,6169,-1464.045866176087
506,5887,-1464.030716614765
507,5893,-1231.827706640035
508,7134,-1464.067935368949
509,6451,-1157.574822951292
510,5964,-1140.547831883928
511,5966,-1157.611505804711
512,5974,-1157.605522681027
513,5977,-1464.048911953337
514,6026,-1464.042999562298
515,6038,-1464.05965048164
516,6474,-1464.071068641975
517,6459,-1464.076398750567
518,6126,-1464.081365831982
519,6074,-1464.067133371866
520,6100,-1157.595094420495
521,6104,-1464.028359596876
522,6105,-1464.046006154972
523,6106,-1464.030231672671
524,6107,-1464.044070021236
525,6113,-1464.034127454914
526,6355,-1464.031269861982
527,7262,-987.714406390073
528,6497,-476.342316341984
529,6852,-987.714902409488
530,6120,-1464.009827442088
531,6122,-1464.083729483823
532,6353,-1464.059880367843
533,6742,-987.690443460601
534,6142,-1464.040342616948
535,6146,-1464.029901899841
536,6164,-1464.060205256055
537,6167,-1140.560643542884
538,6176,-1140.555233723145
539,6183,-1157.591616779265
540,6185,-1231.80846011681
541,7071,-1464.082803004362
542,6188,-1064.122920560907
543,6561,-1464.066349241902
544,6192,-987.690446359786
545,6201,-1140.551869221581
546,6205,-1464.066009344505
547,6206,-1464.077623261425
548,6424,-987.676265604383
549,6218,-1464.067128928121
550,6535,-1464.065431827886
551,6615,-1464.078156108335
552,6270,-1464.064060436212
553,6257,-1464.013749240172
554,6261,-1140.566993565646
555,6798,-1464.057726763417
556,6269,-1464.014536162671
557,6289,-1464.054812198148
558,6296,-1140.553741439048
559,6308,-1140.568583746319
560,6312,-1231.832599715339
561,6436,-1464.091792368492
562,6881,-926.586966207416
563,7048,-537.450670478116
564,6348,-1464.050256540642
565,6682,-1464.043830488951
566,6365,-1464.065942737197
567,6373,-1464.048432982087
568,7135,-1140.552736203282
569,6507,-1464.058393667853
570,6377,-926.600688127613
571,6434,-1464.048646445365
572,6384,-1140.555220830523
573,6411,-1464.071960111545
574,6934,-926.600688607688
575,6490,-1464.047908153885
576,6744,-987.690450132808
577,6428,-1157.576692021298
578,7116,-987.713199959845
579,6442,-476.326638607481
580,6445,-1464.043050884433
581,6472,-987.655953270677
582,6504,-476.329509655256
583,7253,-476.34467893436
584,6530,-476.344679479279
585,6516,-926.601403685289
586,6712,-1464.055984648719
587,7155,-1464.066506483472
588,6791,-987.69478595812
589,6792,-476.344830173448
590,6562,-1464.049993797701
591,7284,-1464.072309221312
592,6585,-1464.002336908063
593,,
594,6606,-1464.053922309643
595,6619,-1231.821010748872
596,,
597,6630,-1464.032461494553
598,6637,-1464.042490837636
599,6646,-1464.065081898546
600,6808,-1140.555219198598
601,6659,-1464.025575875852
602,6671,-1464.055598971348
603,6681,-1464.055653602345
604,6683,-1464.020147041113
605,6691,-987.669015443074
606,6693,-1464.035820747064
607,6705,-1464.061809900417
608,6713,-1464.056330772202
609,6714,-1140.557298807705
610,7145,-926.600405696884
611,6724,-926.612165377326
612,6727,-1140.554223216439
613,6748,-1464.015200715285
614,6761,-1464.064273126197
615,6991,-987.67748643926
616,6782,-1464.022768482003
617,6786,-1464.000879827672
618,6799,-1464.048362109543
619,6800,-1464.05906184457
620,6816,-1464.049759414702
621,6825,-1464.019454063537
622,6831,-1464.018558211317
623,6835,-1464.048572027499
624,6842,-1464.03690278134
625,6851,-1464.078880760925
626,6867,-1464.04469348401
627,6868,-1464.048936566204
628,6869,-1464.033647639486
629,7121,-1464.04127057561
630,6875,-1464.001097869547
631,6891,-926.592508254427
632,6895,-1464.028430255729
633,6897,-1464.050515163531
634,6898,-1140.557307455916
635,6900,-1464.071882267676
636,6919,-1464.039788292172
637,6920,-1464.05783068162
638,6922,-987.678589447614
639,6930,-1140.534822157482
640,6942,-1157.606110146197
641,6950,-1140.551861309134
642,6957,-1464.026532856329
643,7008,-987.711885161702
644,7009,-476.315589203472
645,7283,-1464.047149095782
646,7014,-1157.616225520135
647,7033,-1464.012492887505
648,7035,-926.59588198592
649,7266,-1464.065429531484
650,7052,-1464.038659207349
651,7067,-1464.036234472732
652,7077,-1464.072013746128
653,7092,-1464.052802679822
654,7120,-1464.027515626851
655,7132,-1464.053957886852
656,7210,-1464.036913307631
657,7147,-926.600412335352
658,7156,-1464.061920859659
659,7164,-1464.025388974286
660,7175,-1464.049755988521
661,7189,-1463.994905152296
662,7190,-1464.055573828366
663,7229,-987.685857547625
664,7248,-987.676473131298
665,7242,-1464.032455718871
666,7243,-1464.05148207969
667,7256,-1462.853918741427
668,7257,-1.17441645949
669,7271,-1464.05166787284
670,,
671,7278,-1157.617372096952
672,7281,-1140.557303593372
673,7286,-1464.081947077942
