arene,alkene,PG,backbone,pyridone,0,12,21,46,91,148,157,161,232,234,235,237,240,247,252,255,270,271,275,293,324,327,355,357,415,442,465,469,494,505,506,507,519,538,540,543,575,597,602,605,642
1,0,0,0,0,-1542.967890201151,-1543.019607625648,-1543.0160112488882,-1543.027549227992,-1543.01534704615,-1542.987618538448,-1543.024009413736,-1542.989790945267,-1542.992728534788,-1542.819087261574,-1543.014634997819,-1543.006909843531,-1543.011952077504,-1543.007280156064,-1543.021582959288,-1543.006252839013,-1543.013776267347,-1543.03610290396,-1543.044524373014,-1543.006249194609,-1543.043376422319,-1543.043497156084,-1543.013775609792,-1543.065285966465,-1543.031460486066,-1543.065816057094,-1543.064817582948,-1543.065788247677,-1543.053134175777,-1543.065704558806,-1543.064787334947,-1543.058847280949,-1543.063676484966,-1543.051549105914,-1543.052357679647,-1543.039378274202,-1543.054601696386,-1543.054556028677,-1543.041687160383,-1543.047690539889,-1543.051548589923
1,0,0,0,1,-2461.89325068057,-2461.945906902886,-2461.940738139971,-2461.949678384067,-2461.941416781397,-2461.909536190312,-2461.945998952468,-2461.915953792084,-2461.920632513014,-2461.734661185233,-2461.94093447732,-2461.930476529498,-2461.933182099835,-2461.929344797336,-2461.943243186102,-2461.927903071279,-2461.939939114164,-2461.957769108671,-2461.970046466301,-2461.927890992662,-2461.967631547781,-2461.961636184947,-2461.939938456609,-2461.990355539207,-2461.958601189177,-2461.990162011345,-2461.989064215676,-2461.987011925035,-2461.978670299135,-2461.987705874851,-2461.989045187744,-2461.981657536153,-2461.986827958452,-2461.974458861149,-2461.975584595221,-2461.96351987575,-2461.977193324128,-2461.977313342574,-2461.963827943732,-2461.970994883372,-2461.974452440436
1,0,0,0,2,-1879.7552179612449,-1879.808593394244,-1879.805336739794,-1879.8140246739051,-1879.804006438096,-1879.774109543692,-1879.809668244635,-1879.778583897958,-1879.78345047959,-1879.5980358859601,-1879.804350590894,-1879.793709163117,-1879.797224110832,-1879.793173821521,-1879.806785567762,-1879.791316247579,-1879.802569220038,-1879.8218075977,-1879.833295341651,-1879.791303268005,-1879.830582017804,-1879.824595338911,-1879.802568562483,-1879.853109624303,-1879.821112446637,-1879.852863897172,-1879.852144949817,-1879.851369399828,-1879.841895236474,-1879.85243886078,-1879.852110766444,-1879.845253165065,-1879.851083298842,-1879.837246882856,-1879.83900532547,-1879.826653538736,-1879.840706969655,-1879.839873634003,-1879.8282921252562,-1879.833466005599,-1879.83724104585
1,0,0,0,3,-1747.313593911709,-1747.368240597332,-1747.3689783125171,-1747.371830019059,-1747.36418714447,-1747.332117285211,-1747.367226890744,-1747.338828381112,-1747.343795962214,-1747.1505975424461,-1747.364945181193,-1747.352855088984,-1747.354203676086,-1747.352131493788,-1747.363941865657,-1747.348109018577,-1747.362813703192,-1747.379244583058,-1747.394055672705,-1747.348096792573,-1747.390118190211,-1747.385188647865,-1747.362813045637,-1747.410928623433,-1747.382115109243,-1747.411192542462,-1747.410100811721,-1747.408062652439,-1747.402704718506,-1747.409550096464,-1747.410070522483,-1747.403334166608,-1747.408797319527,-1747.394916673,-1747.397147579682,-1747.386351722431,-1747.40072135655,-1747.39740321022,-1747.3863532360651,-1747.390991328043,-1747.394906634021
1,0,0,0,4,-1770.67975377506,-1770.733821998579,-1770.730700791478,-1770.738550741094,-1770.728531310479,-1770.69895155881,-1770.735119628189,-1770.70384787603,-1770.70855579728,-1770.5285035493591,-1770.729326765501,-1770.719282730951,-1770.722307271642,-1770.718452105121,-1770.73208351966,-1770.716944863493,-1770.7278331981101,-1770.747071867088,-1770.758525641276,-1770.716930832364,-1770.754283001594,-1770.749716987372,-1770.727832540555,-1770.777995499989,-1770.746499821821,-1770.778040229669,-1770.777062229268,-1770.776794797455,-1770.766804690074,-1770.778497755937,-1770.777028191824,-1770.770827972855,-1770.77673176964,-1770.762810414736,-1770.763849716681,-1770.751960751442,-1770.765664041639,-1770.765437766665,-1770.753335632422,-1770.758664267877,-1770.762806843356
1,0,0,0,5,-1582.2585602045278,-1582.310728390749,-1582.307407427394,-1582.3186524546961,-1582.306336460194,-1582.2789999708891,-1582.315377795318,-1582.2807843004161,-1582.284122689813,-1582.111714368353,-1582.305765976559,-1582.297705144025,-1582.303214480932,-1582.298786134642,-1582.312880640521,-1582.297659883817,-1582.3047696224962,-1582.327203879893,-1582.335771775669,-1582.297656468504,-1582.334729235916,-1582.334867138175,-1582.304768964941,-1582.35630310529,-1582.32224587637,-1582.35685233514,-1582.355900273916,-1582.356974355887,-1582.344422392022,-1582.356913186455,-1582.355873445486,-1582.350274568699,-1582.354717638417,-1582.34238316953,-1582.343588500357,-1582.330834823374,-1582.345939372003,-1582.345419353925,-1582.332996471634,-1582.338451595838,-1582.342383788521
1,0,0,0,6,-1582.2582978627888,-1582.310708585275,-1582.307095231603,-1582.3187964433241,-1582.305760935258,-1582.278945773757,-1582.31534623816,-1582.280311858336,-1582.28406311716,-1582.113040406462,-1582.305233806092,-1582.298483977661,-1582.303514414662,-1582.298854044079,-1582.31296213962,-1582.297749448551,-1582.3042971804161,-1582.32756520036,-1582.335602454906,-1582.29774451237,-1582.334711466034,-1582.334802629105,-1582.304296522861,-1582.356281240692,-1582.321718226507,-1582.356717961389,-1582.355742532121,-1582.357252789887,-1582.344135408925,-1582.35702923248,-1582.355711863949,-1582.349931230386,-1582.354867860211,-1582.343003620733,-1582.34331976971,-1582.330661178533,-1582.345701250946,-1582.345945124763,-1582.332903600419,-1582.339125978672,-1582.343004849893
1,0,0,0,7,-1582.256679605916,-1582.308565885072,-1582.30485619989,-1582.3164655001171,-1582.304007368265,-1582.276518327533,-1582.313204716485,-1582.277938179136,-1582.281894799856,-1582.110362325542,-1582.302815615496,-1582.29619158825,-1582.301165362418,-1582.296442773378,-1582.310896402715,-1582.295784661942,-1582.3019235012162,-1582.325234919216,-1582.333452719395,-1582.295784230962,-1582.332600371781,-1582.332667111389,-1582.301922843661,-1582.354262689811,-1582.319507414129,-1582.354649677799,-1582.353674891635,-1582.354968542172,-1582.342013825828,-1582.354976313085,-1582.353646792686,-1582.347846293981,-1582.352762211057,-1582.340652591654,-1582.341276782002,-1582.328511901439,-1582.343624379704,-1582.343682634924,-1582.3305561908692,-1582.336758539449,-1582.340655771966
1,0,0,0,8,-1582.2604002770129,-1582.309943797562,-1582.3059550398311,-1582.310926259792,-1582.306735728443,-1582.27171706455,-1582.312704008986,-1582.2810767071142,-1582.28304849981,-1582.111129923934,-1582.301373055068,-1582.29760701998,-1582.297940562017,-1582.290840995133,-1582.311844843605,-1582.296081038198,-1582.3050620291942,-1582.321466245387,-1582.334339597727,-1582.296083159268,-1582.332968217484,-1582.332848977896,-1582.305061371639,-1582.357040244461,-1582.3215500742,-1582.356276857727,-1582.355166256561,-1582.347824524048,-1582.345102959272,-1582.355123663234,-1582.355197821162,-1582.34977149052,-1582.348064818488,-1582.341406602367,-1582.344325570189,-1582.331140369912,-1582.346997412455,-1582.345066063057,-1582.329765312171,-1582.336807704338,-1582.341150948794
1,0,0,0,9,-1696.504681515735,-1696.5609954028341,-1696.556618440142,-1696.5661030012532,-1696.553306946431,-1696.526953323452,-1696.562909890338,-1696.530356948946,-1696.535422686362,-1696.360036686526,-1696.556462525775,-1696.545016191535,-1696.550399295586,-1696.544815540148,-1696.560151851825,-1696.544182486002,-1696.5543422710261,-1696.574219928571,-1696.583616856539,-1696.544175090764,-1696.582275962723,-1696.581917414738,-1696.554341613471,-1696.604401872775,-1696.570513936729,-1696.604274223738,-1696.603279363092,-1696.603619725227,-1696.593497881232,-1696.603533441729,-1696.603246864809,-1696.597853975936,-1696.601788696292,-1696.589895660869,-1696.591297527843,-1696.579562487625,-1696.593697673095,-1696.592705581866,-1696.580791721352,-1696.586032249857,-1696.589894457059
1,0,0,0,10,-1696.5062212381758,-1696.5579924662381,-1696.552885236397,-1696.557371196058,-1696.55420688287,-1696.5185091183591,-1696.559726721238,-1696.529070820148,-1696.530617344437,-1696.360111834645,-1696.550005560406,-1696.532354522952,-1696.54344138994,-1696.537116748724,-1696.559480000884,-1696.542399650731,-1696.553056142228,-1696.566891670037,-1696.582201188606,-1696.542385972703,-1696.580213136573,-1696.579373624249,-1696.553055484673,-1696.603352348246,-1696.5688417633871,-1696.602959016428,-1696.601875156353,-1696.597056295556,-1696.591670992379,-1696.599634761767,-1696.601900000438,-1696.597386144601,-1696.595971030912,-1696.587814114979,-1696.591266047462,-1696.577573506839,-1696.59359094843,-1696.591321547387,-1696.576575862608,-1696.583198611,-1696.587535448059
1,0,0,0,11,-1850.045248215794,-1850.0999263418971,-1850.095659335241,-1850.096754859139,-1850.093954303,-1850.0582691315822,-1850.09974630175,-1850.069828968948,-1850.073184671105,-1849.900600982889,-1850.09177853965,-1850.081793177324,-1850.082968767829,-1850.076107043513,-1850.098879089311,-1850.081869067057,-1850.0938142910281,-1850.106228370588,-1850.12383559742,-1850.081869164473,-1850.119985722137,-1850.118888040171,-1850.093813633473,-1850.143081111009,-1850.108906781045,-1850.142857825789,-1850.14179583682,-1850.135812971836,-1850.133370468872,-1850.138575937663,-1850.141824155336,-1850.137476892552,-1850.135299849114,-1850.12648995045,-1850.131074013295,-1850.119129110936,-1850.133422389909,-1850.130064378737,-1850.115949687748,-1850.12183036409,-1850.126785618876
1,0,0,0,12,-1657.400165156301,-1657.453057242237,-1657.4484753533231,-1657.459185419829,-1657.447315058761,-1657.4193812800381,-1657.456346659599,-1657.422564446762,-1657.425154495089,-1657.255164534132,-1657.447043687031,-1657.440524243734,-1657.444153631913,-1657.440929550462,-1657.453997016657,-1657.440877350196,-1657.446549768842,-1657.468158093173,-1657.476709442418,-1657.440880436532,-1657.475800062028,-1657.475980830754,-1657.446549111287,-1657.499059509076,-1657.46393441423,-1657.498664587698,-1657.497654646499,-1657.497979252138,-1657.485220040962,-1657.497724027313,-1657.497633146066,-1657.491199568497,-1657.495586461133,-1657.484771271328,-1657.484476892145,-1657.471934342449,-1657.486770070843,-1657.487758202417,-1657.47338696107,-1657.481735207559,-1657.4847726181
1,0,0,1,0,-1582.25815871835,-1582.308547346267,-1582.2959372219611,-1582.315643116042,-1582.303309091933,-1582.2713127914521,-1582.310513792097,-1582.278051862977,-1582.281176166618,-1582.106024817022,-1582.293477029445,-1582.299505748974,-1582.29837458024,-1582.297437598233,-1582.308145272074,-1582.292428465948,-1582.303759337093,-1582.324222944891,-1582.332308958878,-1582.292433989582,-1582.33169637372,-1582.325154118503,-1582.303758152528,-1582.351571831363,-1582.321443028802,-1582.35391824567,-1582.353166658919,-1582.354589321904,-1582.340912803797,-1582.35380704819,-1582.353137906026,-1582.346918869231,-1582.353915063695,-1582.339397684259,-1582.340499059788,-1582.327751017203,-1582.342356057907,-1582.33973070757,-1582.331622657539,-1582.335594741737,-1582.339394017297
1,0,0,1,1,-2501.183519197769,-2501.234826823824,-2501.21952441044,-2501.2377722750107,-2501.229680416469,-2501.193300160942,-2501.232528216764,-2501.204214709794,-2501.209264570585,-2501.021598740681,-2501.219967732743,-2501.210886696226,-2501.219582198183,-2501.219631828906,-2501.229773254972,-2501.214096856485,-2501.2299221839103,-2501.245990876995,-2501.258085225652,-2501.214095801644,-2501.255846348088,-2501.250728768378,-2501.2299209993453,-2501.275201626735,-2501.2485837319127,-2501.278230304219,-2501.277316181558,-2501.27576238548,-2501.266758159897,-2501.275834494901,-2501.277296061092,-2501.269719242379,-2501.277061833659,-2501.262311589181,-2501.263754234833,-2501.251929574531,-2501.264926326189,-2501.262719797976,-2501.253756530382,-2501.259476533301,-2501.262304124299
1,0,0,1,2,-1919.0454864784442,-1919.0975205381192,-1919.0841418121481,-1919.1020770701211,-1919.092259413563,-1919.057855730894,-1919.096215225142,-1919.066844815668,-1919.072075351204,-1918.8849734414082,-1919.082919550028,-1919.073732143209,-1919.083482783873,-1919.083346212945,-1919.09333414854,-1919.077552363145,-1919.092552289784,-1919.109879166016,-1919.121320302343,-1919.077550739744,-1919.117223616336,-1919.113695839455,-1919.092551105219,-1919.138517883729,-1919.111094989373,-1919.14117278758,-1919.140394300418,-1919.140120818294,-1919.12997187285,-1919.140562524888,-1919.140354755341,-1919.133303482996,-1919.141298785319,-1919.125166900613,-1919.127157640007,-1919.115077048859,-1919.128427534981,-1919.125639952838,-1919.118192088401,-1919.12196699898,-1919.125161325363
1,0,0,1,3,-1786.603862428908,-1786.65723507189,-1786.6453474186571,-1786.659806844904,-1786.652229356022,-1786.615893338979,-1786.653814287903,-1786.627089298822,-1786.632445514364,-1786.4375350978942,-1786.643361682834,-1786.632915088845,-1786.640362522346,-1786.642291168769,-1786.650469152866,-1786.634382271885,-1786.652796772938,-1786.667258232395,-1786.68210661362,-1786.634378273035,-1786.678364391691,-1786.674291111152,-1786.652795588373,-1786.695981073593,-1786.672097651979,-1786.699221145325,-1786.698323470584,-1786.696749005358,-1786.690816723561,-1786.697687697075,-1786.69829062836,-1786.691369464278,-1786.698984540309,-1786.682934611624,-1786.68531428347,-1786.674836459063,-1786.688783035685,-1786.683172971567,-1786.6762176955772,-1786.678949257963,-1786.682929123127
1,0,0,1,4,-1809.970022292259,-1810.02274231418,-1810.009042781186,-1810.026583700172,-1810.016753114227,-1809.98264804339,-1810.021663934685,-1809.99210879374,-1809.997161542195,-1809.8154411048072,-1810.008191745747,-1809.999270578907,-1810.008585554977,-1810.00861507818,-1810.018587671627,-1810.003144313521,-1810.017816267856,-1810.035125917584,-1810.045764867649,-1810.003141157969,-1810.042596523664,-1810.038816982315,-1810.017815083291,-1810.063326615789,-1810.036482364557,-1810.066115727298,-1810.065356922771,-1810.065577623568,-1810.054873454733,-1810.06661035114,-1810.065326860628,-1810.058884240831,-1810.066927995537,-1810.050713857446,-1810.051998861006,-1810.04036911301,-1810.053391779258,-1810.050872589241,-1810.043220503967,-1810.047152456316,-1810.050708940043
1,0,0,1,5,-1621.5488287217272,-1621.599647447186,-1621.5872764068802,-1621.60675216113,-1621.59429283015,-1621.562685338791,-1621.601867089576,-1621.5690452181261,-1621.572566149029,-1621.398651923801,-1621.584583156348,-1621.590569395825,-1621.589582107419,-1621.588988501754,-1621.599515034611,-1621.583828958552,-1621.594752692242,-1621.615270908647,-1621.62354506336,-1621.583833973227,-1621.623019291063,-1621.616409696652,-1621.594751507677,-1621.642630767105,-1621.612228419106,-1621.644946435676,-1621.644248713209,-1621.645778757868,-1621.632204707249,-1621.645005668727,-1621.644219987602,-1621.638339832219,-1621.644937934314,-1621.630252393911,-1621.63172129145,-1621.619198233268,-1621.633681024052,-1621.630617266231,-1621.622909797657,-1621.626916656559,-1621.630249256303
1,0,0,1,6,-1621.5485663799882,-1621.599639425555,-1621.586970777168,-1621.60688280125,-1621.593899408968,-1621.562621554132,-1621.601845367859,-1621.568572776046,-1621.572498560524,-1621.39997796191,-1621.584126051782,-1621.591028310621,-1621.589968570519,-1621.588991580912,-1621.599513743388,-1621.583911836763,-1621.594280250162,-1621.615692681811,-1621.623387966369,-1621.58391679948,-1621.623036920795,-1621.616261639404,-1621.594279065597,-1621.642582639322,-1621.611700769243,-1621.644831176064,-1621.644111587838,-1621.646061677229,-1621.631908063287,-1621.64512787586,-1621.644081984971,-1621.63800710308,-1621.645108299135,-1621.63084510447,-1621.631455038167,-1621.619030445325,-1621.633461722821,-1621.631078266712,-1621.62283472002,-1621.62702592471,-1621.630843504145
1,0,0,1,7,-1621.546948123115,-1621.597494363568,-1621.584764555633,-1621.604564047522,-1621.592165398604,-1621.5601984384462,-1621.599698639845,-1621.566199096846,-1621.570332465184,-1621.39729988099,-1621.581772823365,-1621.588673566544,-1621.587649707706,-1621.586590503361,-1621.597456561296,-1621.581932577123,-1621.591906570962,-1621.613367186506,-1621.621239831517,-1621.581939835763,-1621.620914631586,-1621.614173676865,-1621.591905386397,-1621.640553597067,-1621.609489956865,-1621.642762466876,-1621.642044493145,-1621.643774570784,-1621.629787167718,-1621.643073015085,-1621.642017592118,-1621.635921026033,-1621.643003209118,-1621.628489602367,-1621.62941343772,-1621.616877092566,-1621.631384618241,-1621.628779976111,-1621.620499121957,-1621.624656722699,-1621.628491875055
1,0,0,1,8,-1621.550668794212,-1621.59855233248,-1621.5857259258742,-1621.599226608656,-1621.594666135837,-1621.5551473272621,-1621.599201655653,-1621.5693376248241,-1621.571334765536,-1621.398067479382,-1621.577956161579,-1621.585015121398,-1621.584453010154,-1621.581201011064,-1621.598447821431,-1621.582453431044,-1621.59504509894,-1621.609228923029,-1621.622169808281,-1621.58245649031,-1621.621270096299,-1621.620905142944,-1621.595043914375,-1621.641951114488,-1621.611532616936,-1621.644383855595,-1621.64348395508,-1621.636660067562,-1621.632822935722,-1621.64363544937,-1621.643523061665,-1621.637829317375,-1621.638219459051,-1621.629248931943,-1621.632438452632,-1621.619497286581,-1621.634766745727,-1621.629623139896,-1621.61992978284,-1621.624695446656,-1621.628994096671
1,0,0,1,9,-1735.7949500329341,-1735.849837940027,-1735.835015368234,-1735.8541877852801,-1735.841301739996,-1735.8105718032161,-1735.84943550695,-1735.818617866656,-1735.824003473066,-1735.646974241974,-1735.835340457413,-1735.837558925833,-1735.836614114906,-1735.835027819295,-1735.846696160058,-1735.83040057468,-1735.844325340772,-1735.862308333406,-1735.871388631601,-1735.830404647174,-1735.870564585136,-1735.865219402299,-1735.844324156207,-1735.889701368827,-1735.860496479465,-1735.892362114164,-1735.89160353083,-1735.892417037783,-1735.881545479058,-1735.891628469738,-1735.891574221814,-1735.885917633005,-1735.891973739645,-1735.877783635011,-1735.879434846245,-1735.867099805049,-1735.881423187589,-1735.878047831433,-1735.87068309384,-1735.87396595614,-1735.877778155988
1,0,0,1,10,-1735.7964897553752,-1735.8464813156481,-1735.8325944439641,-1735.845673453319,-1735.842417853619,-1735.8019731820511,-1735.8462781199,-1735.817331737858,-1735.819059902356,-1735.6470493900931,-1735.829428193579,-1735.830266614961,-1735.830118424543,-1735.827523870978,-1735.846115885405,-1735.828725662039,-1735.843039211974,-1735.85483791197,-1735.870007004185,-1735.828716927635,-1735.868767681345,-1735.867486536435,-1735.843038027409,-1735.888048570812,-1735.858824306123,-1735.891071235764,-1735.890141221053,-1735.885814526659,-1735.879443569805,-1735.887799524078,-1735.890164688488,-1735.885444717159,-1735.8861295836,-1735.875408998509,-1735.879417364661,-1735.865960595489,-1735.881327786766,-1735.875977705899,-1735.866684088628,-1735.871102267038,-1735.875393336373
1,0,0,1,11,-1889.335516732993,-1889.388348243817,-1889.375232543968,-1889.385038310503,-1889.382167839729,-1889.341696328039,-1889.386304220165,-1889.358089886658,-1889.361691104565,-1889.187538538337,-1889.371179293227,-1889.355941761847,-1889.369397831226,-1889.366531864099,-1889.385510918546,-1889.368196045021,-1889.383797360774,-1889.394211276324,-1889.411772708877,-1889.368202006799,-1889.408469969489,-1889.401828940612,-1889.383796176209,-1889.427737799353,-1889.398889323781,-1889.430942361671,-1889.430033017453,-1889.424562656619,-1889.421427617028,-1889.426749363683,-1889.430054348449,-1889.425527300597,-1889.425405967555,-1889.414666714099,-1889.419234956596,-1889.407579117737,-1889.421138372523,-1889.414890153448,-1889.4060389350461,-1889.409757939776,-1889.414669094251
1,0,0,1,12,-1696.6904336735001,-1696.741985996939,-1696.728332723499,-1696.747305751897,-1696.735460798726,-1696.703069305767,-1696.742833686552,-1696.710825364472,-1696.713602336838,-1696.54210208958,-1696.726716926829,-1696.722179277714,-1696.730689254284,-1696.73109593854,-1696.740536421424,-1696.726936815669,-1696.736532838588,-1696.756388281726,-1696.7645052199,-1696.726935985999,-1696.764084786554,-1696.757469890356,-1696.7365316540229,-1696.784271456028,-1696.753916956966,-1696.786784790207,-1696.786013573925,-1696.78679060112,-1696.773002552329,-1696.785821669667,-1696.785992564281,-1696.779284571431,-1696.785835755189,-1696.772581067329,-1696.772616244967,-1696.760286398081,-1696.774536776039,-1696.772719155392,-1696.763328145059,-1696.769594128177,-1696.772582758924
1,0,0,2,0,-1700.1125184116572,-1700.164541379695,-1700.1503526477231,-1700.172259025303,-1700.159586436618,-1700.12683269555,-1700.166424057245,-1700.133509657504,-1700.137399960269,-1699.9644968280559,-1700.149307531156,-1700.155573153964,-1700.154148631818,-1700.15317121645,-1700.162157247516,-1700.148536332359,-1700.159277243747,-1700.180246549335,-1700.18848139607,-1700.148542464996,-1700.186158629588,-1700.1812004325,-1700.1592720504668,-1700.205185417521,-1700.1769569267408,-1700.209383256733,-1700.208224359017,-1700.209328806835,-1700.197023181982,-1700.209585943325,-1700.208202798482,-1700.202891250576,-1700.210571142865,-1700.195670732113,-1700.19691065284,-1700.183529931185,-1700.197930573112,-1700.193790353906,-1700.1873976355892,-1700.192268981979,-1700.195668800297
1,0,0,2,1,-2619.037878891076,-2619.091010884159,-2619.073963109077,-2619.09437510688,-2619.086057369886,-2619.0487521114396,-2619.088396455832,-2619.059672504321,-2619.065151474397,-2618.880070751715,-2619.076192089286,-2619.06612760712,-2619.075943254861,-2619.075305765851,-2619.083795189059,-2619.070181027428,-2619.085440090564,-2619.102798019746,-2619.111555548397,-2619.070179323941,-2619.11041224639,-2619.106848936823,-2619.085434897284,-2619.128799046604,-2619.104097629852,-2619.133499717062,-2619.132202307856,-2619.130553732708,-2619.123087897462,-2619.131618933706,-2619.132185293081,-2619.125553041069,-2619.133669405733,-2619.118478871014,-2619.120095762474,-2619.107015772185,-2619.120407387914,-2619.116671670859,-2619.109479039916,-2619.115538236323,-2619.118472777845
1,0,0,2,2,-2036.899846171751,-2036.953700531579,-2036.938602824345,-2036.958658170121,-2036.948605041238,-2036.913292683291,-2036.952090872953,-2036.922302610195,-2036.927950326115,-2036.743445452442,-2036.938758765396,-2036.928911292239,-2036.939206274402,-2036.939028766058,-2036.947324867275,-2036.933622444777,-2036.948070196438,-2036.965904233394,-2036.975543515139,-2036.933618999936,-2036.971647711444,-2036.969832383249,-2036.9480650031578,-2036.992105106274,-2036.9666088873118,-2036.9965800526,-2036.995440279055,-2036.994890501438,-2036.986286728034,-2036.996350388394,-2036.995431284589,-2036.989166247919,-2036.998161448702,-2036.981544246932,-2036.983489502758,-2036.969256825935,-2036.983903876601,-2036.979668879653,-2036.97388167912,-2036.97754418262,-2036.981543650133
1,0,0,2,3,-1904.4582221222151,-1904.51345033146,-1904.499886705343,-1904.516359017809,-1904.508662869383,-1904.471253239707,-1904.509668290973,-1904.482547093349,-1904.488331762198,-1904.296007108928,-1904.499215899692,-1904.488102953754,-1904.496055712884,-1904.497830722412,-1904.504437768567,-1904.490443717003,-1904.5083146795919,-1904.523283133965,-1904.537981160082,-1904.490434772135,-1904.532722251268,-1904.530445314289,-1904.508309486312,-1904.549551269287,-1904.5276115499178,-1904.55452208396,-1904.553250893085,-1904.55151332221,-1904.547108684099,-1904.553471108304,-1904.553236618502,-1904.547146428883,-1904.555499367492,-1904.539342557019,-1904.541581826084,-1904.529991136879,-1904.541577707105,-1904.537199950294,-1904.5318352504382,-1904.535100649007,-1904.539341560771
1,0,0,2,4,-1927.824381985566,-1927.878934052309,-1927.863450840948,-1927.883172712773,-1927.873084834323,-1927.838097450827,-1927.877557890019,-1927.847566588267,-1927.853032948347,-1927.673913115841,-1927.864034864964,-1927.854495406519,-1927.864329676209,-1927.864305684876,-1927.872541076713,-1927.859243761738,-1927.87333417451,-1927.891159770523,-1927.901618895266,-1927.859238214574,-1927.8969926513,-1927.894952436612,-1927.8733289812299,-1927.916929476638,-1927.891996262496,-1927.92153964137,-1927.920388456724,-1927.920306412279,-1927.91120774761,-1927.92243943636,-1927.920355450779,-1927.91478864625,-1927.923473702962,-1927.907105727384,-1927.908349517793,-1927.894801771259,-1927.908869069104,-1927.90493954611,-1927.8989161213422,-1927.903277992226,-1927.907107509952
1,0,0,2,5,-1739.403188415034,-1739.455649716992,-1739.4416802918151,-1739.463369115367,-1739.45056921449,-1739.418213912513,-1739.457766261903,-1739.424503012653,-1739.428783011856,-1739.257123934835,-1739.440408986156,-1739.446582764193,-1739.445317915458,-1739.44473317565,-1739.453545628994,-1739.439945797383,-1739.4502705988962,-1739.471314226148,-1739.479691134553,-1739.439951002559,-1739.477440800484,-1739.472446528792,-1739.450265405616,-1739.496242254757,-1739.4677423170451,-1739.50039965724,-1739.499270190237,-1739.500501845439,-1739.48832647198,-1739.500798929035,-1739.499251248422,-1739.494286408857,-1739.501604375461,-1739.486657517527,-1739.488131028756,-1739.474935019126,-1739.489207418863,-1739.484702748789,-1739.4786638762603,-1739.482528331113,-1739.486655073599
1,0,0,2,6,-1739.402926073295,-1739.455636978675,-1739.441382961894,-1739.463497705025,-1739.449934180923,-1739.418147653652,-1739.457772582736,-1739.424030570573,-1739.428733842115,-1739.258449972944,-1739.43996515468,-1739.447117480815,-1739.445759624941,-1739.444737957624,-1739.453518870255,-1739.440029987432,-1739.449798156816,-1739.471730540266,-1739.47958931521,-1739.440035287746,-1739.477528742194,-1739.472317102186,-1739.4497929635359,-1739.496205222548,-1739.467214667182,-1739.500333243634,-1739.499200235588,-1739.500795348742,-1739.488019021868,-1739.500907658822,-1739.499175408147,-1739.49401685354,-1739.50178903773,-1739.487114397204,-1739.487884470993,-1739.474828702372,-1739.489072520236,-1739.485150689829,-1739.4786191989192,-1739.483149091127,-1739.487113291003
1,0,0,2,7,-1739.401307816422,-1739.453485278992,-1739.439174899232,-1739.461185907624,-1739.44819302223,-1739.415732451153,-1739.45561931245,-1739.421656891373,-1739.426569180391,-1739.2557718920239,-1739.437612352811,-1739.444750059304,-1739.443447276167,-1739.442334671709,-1739.451472608936,-1739.438053686921,-1739.447424477616,-1739.469389633306,-1739.477430153504,-1739.438062401774,-1739.475417269434,-1739.470224021534,-1739.4474192843359,-1739.494169319181,-1739.4650038548039,-1739.498258449089,-1739.497128075941,-1739.49850598366,-1739.48590584388,-1739.498853059012,-1739.497100501539,-1739.491923519769,-1739.499671648775,-1739.484727076077,-1739.485840229242,-1739.472669012814,-1739.486987991178,-1739.482848097616,-1739.4762939856032,-1739.48077496459,-1739.484725709507
1,0,0,2,8,-1739.405028487519,-1739.4543921278641,-1739.440061581533,-1739.455938095261,-1739.450956658148,-1739.411094616803,-1739.455087366163,-1739.424795419351,-1739.427535547812,-1739.256539490416,-1739.433816735425,-1739.44053098183,-1739.440281824312,-1739.442418205012,-1739.452661907872,-1739.438530157543,-1739.4505630055942,-1739.465367236163,-1739.478136990332,-1739.438528479689,-1739.475745659356,-1739.474873244926,-1739.450557812314,-1739.495568499951,-1739.4670465148752,-1739.499592520482,-1739.498336546299,-1739.491366569305,-1739.488880593951,-1739.499925459316,-1739.498503016839,-1739.493671532633,-1739.494735466717,-1739.485261684751,-1739.488844950495,-1739.475337838831,-1739.490349984342,-1739.483708260163,-1739.4759466866622,-1739.480419219578,-1739.48525442446
1,0,0,2,9,-1853.6493097262412,-1853.706024392653,-1853.689407477515,-1853.710792446518,-1853.697588477966,-1853.666102770421,-1853.705347217951,-1853.674075661183,-1853.679879859132,-1853.505446253008,-1853.691169632357,-1853.682521911554,-1853.692384573568,-1853.690761544647,-1853.700671423109,-1853.686509756463,-1853.699843247426,-1853.718407473222,-1853.727536653819,-1853.686510960563,-1853.725051726803,-1853.721367981336,-1853.6998380541459,-1853.743316870781,-1853.716010377404,-1853.747798331782,-1853.746623141983,-1853.747131998982,-1853.73788802785,-1853.747434101178,-1853.746594152311,-1853.74183197171,-1853.74858476459,-1853.734172752181,-1853.735823100448,-1853.722754735219,-1853.736959412919,-1853.732121872273,-1853.7264034251339,-1853.730126374904,-1853.734169401776
1,0,0,2,10,-1853.650849448682,-1853.702497911812,-1853.686960768177,-1853.702389383443,-1853.698726487034,-1853.657870195703,-1853.702220459159,-1853.672789532385,-1853.675232105032,-1853.505521401127,-1853.685288732547,-1853.679941179732,-1853.685915135354,-1853.683181163922,-1853.700299499439,-1853.684817741354,-1853.6985571186278,-1853.711017396132,-1853.72607169748,-1853.684804474385,-1853.722911715114,-1853.721624542894,-1853.698551925348,-1853.741672749399,-1853.7143382040622,-1853.746278535497,-1853.745002455533,-1853.740383047976,-1853.735573639836,-1853.743927760646,-1853.745015135809,-1853.741326689114,-1853.742149837325,-1853.731445597286,-1853.735820233514,-1853.721700704713,-1853.737016400786,-1853.730052589737,-1853.7226266987382,-1853.726638779454,-1853.731750065927
1,0,0,2,11,-2007.1898764263,-2007.244359448689,-2007.229741820732,-2007.241747189383,-2007.238475389346,-2007.1975981233481,-2007.242249822476,-2007.213547681185,-2007.217586144493,-2007.046010549371,-2007.227023274509,-2007.219442572932,-2007.225029754886,-2007.222198372981,-2007.239664933008,-2007.22428916534,-2007.239315267428,-2007.250427855832,-2007.266014640294,-2007.224283599023,-2007.262445358022,-2007.257972046046,-2007.2393100741479,-2007.281357942801,-2007.2544032217202,-2007.286117614448,-2007.284863910949,-2007.27912219375,-2007.277871599606,-2007.282878971389,-2007.284871931356,-2007.281335242501,-2007.281711006413,-2007.270893518899,-2007.275619639756,-2007.261758132178,-2007.276752660488,-2007.268989867543,-2007.2619707120302,-2007.265344818657,-2007.270894348891
1,0,0,2,12,-1814.5447933668072,-1814.597989279382,-1814.582729568099,-1814.603934307406,-1814.591463513105,-1814.5585946267302,-1814.598750300195,-1814.5662831589989,-1814.569834828729,-1814.400574100614,-1814.582689975619,-1814.587963800983,-1814.587118663574,-1814.586832226022,-1814.594548802806,-1814.583136377466,-1814.592050745242,-1814.613116714205,-1814.620683782091,-1814.583139093183,-1814.618781658485,-1814.613515146036,-1814.5920455519617,-1814.637909331334,-1814.609430854905,-1814.642212487579,-1814.641025358049,-1814.641528481891,-1814.629142580883,-1814.641622431961,-1814.641002702291,-1814.635288622448,-1814.642513833622,-1814.628642715967,-1814.629054467749,-1814.616021653506,-1814.630155996914,-1814.62674328044,-1814.619126920058,-1814.625620640989,-1814.62863965624
1,0,0,3,0,-1660.8281019149308,-1660.878454398566,-1660.865106155791,-1660.885164868133,-1660.873030433847,-1660.840788503059,-1660.880708692476,-1660.8486148270108,-1660.851813711268,-1660.678280719973,-1660.859726545049,-1660.869950835101,-1660.868421555755,-1660.869031876404,-1660.876681512402,-1660.862761878768,-1660.8728377028078,-1660.894532994881,-1660.902484346762,-1660.862769215903,-1660.901570390015,-1660.900616747779,-1660.872835337154,-1660.9194300719,-1660.8905202134279,-1660.925229164694,-1660.923428302225,-1660.92505284871,-1660.911511675632,-1660.924425784269,-1660.923399208658,-1660.918120342732,-1660.924266748873,-1660.909403884338,-1660.91034620504,-1660.898369821205,-1660.912824675604,-1660.907607754715,-1660.9013242599221,-1660.906780102026,-1660.909398281564
1,0,0,3,1,-2579.75346239435,-2579.8047572618657,-2579.7887506808156,-2579.807291993319,-2579.7995724248,-2579.762723957745,-2579.802708655915,-2579.774777673828,-2579.779986837436,-2579.593854643632,-2579.786416180801,-2579.780966644898,-2579.78957775171,-2579.791274511846,-2579.79825607967,-2579.784429033278,-2579.799000549625,-2579.816414214734,-2579.827938331088,-2579.784429200598,-2579.823596396191,-2579.821623600993,-2579.798998183971,-2579.843400822547,-2579.817660916539,-2579.849505535154,-2579.847416850889,-2579.846261080999,-2579.837286339047,-2579.846429495601,-2579.847396490855,-2579.840881925229,-2579.847455075994,-2579.832100640885,-2579.833534837626,-2579.822232624971,-2579.835329519643,-2579.830464810558,-2579.823386628575,-2579.829988888881,-2579.832098678979
1,0,0,3,2,-1997.615429675025,-1997.667470191988,-1997.653397228974,-1997.671555591979,-1997.662146647324,-1997.627255872263,-1997.666412123715,-1997.6374077797018,-1997.64279167367,-1997.4572293443591,-1997.649185346298,-1997.643725365973,-1997.653569332138,-1997.654888599604,-1997.661823496919,-1997.647896826959,-1997.6616306554988,-1997.680227483269,-1997.691175398519,-1997.64789689365,-1997.687061920874,-1997.684592256968,-1997.6616282898449,-1997.706165398072,-1997.680172173999,-1997.712438267929,-1997.710577988898,-1997.710597123466,-1997.700523522862,-1997.711211853022,-1997.71054656311,-1997.704468960959,-1997.711656960631,-1997.695295589201,-1997.696945010629,-1997.685399860065,-1997.698834214161,-1997.693497250194,-1997.687773408246,-1997.692025305631,-1997.69529415173
1,0,0,3,3,-1865.173805625489,-1865.227263986482,-1865.2146195142961,-1865.229242226761,-1865.222038340821,-1865.185219423923,-1865.224015644437,-1865.197652262856,-1865.20318685172,-1865.009791000845,-1865.209730971404,-1865.202950240901,-1865.210476406694,-1865.213509484677,-1865.21889541237,-1865.204737083232,-1865.221875138653,-1865.237639812137,-1865.251958686067,-1865.204732057268,-1865.248223072603,-1865.245195157961,-1865.2218727729992,-1865.263696851563,-1865.2411748366048,-1865.270459311359,-1865.268420284297,-1865.267188952526,-1865.261361513781,-1865.26825933364,-1865.268391309167,-1865.262514824775,-1865.269351778134,-1865.253133143909,-1865.255055371333,-1865.245185469429,-1865.25869082843,-1865.251045869122,-1865.2456976679932,-1865.249530743623,-1865.253131863084
1,0,0,3,4,-1888.53996548884,-1888.592769740401,-1888.578236143461,-1888.596091317407,-1888.586563277999,-1888.55206105071,-1888.591853374456,-1888.5626717577738,-1888.567870337248,-1888.387697007758,-1888.574595016989,-1888.569275053836,-1888.578649580358,-1888.580163511627,-1888.587052321893,-1888.573498772108,-1888.5868946335709,-1888.60547019882,-1888.616424502685,-1888.573496580947,-1888.612408524294,-1888.609718024734,-1888.586892267917,-1888.631038671859,-1888.605559549183,-1888.637399173139,-1888.635552972989,-1888.636006657689,-1888.62544047455,-1888.637189933195,-1888.635521965579,-1888.630063761238,-1888.637259527966,-1888.620855959596,-1888.621804494795,-1888.609668818884,-1888.62383590434,-1888.619037787334,-1888.612813985645,-1888.617268275423,-1888.620855938587
1,0,0,3,5,-1700.118771918308,-1700.169569728929,-1700.156423564694,-1700.176286125369,-1700.164008532377,-1700.132167247995,-1700.172073115273,-1700.13960818216,-1700.143197593202,-1699.970907826752,-1700.150781764958,-1700.160965871865,-1700.159664747465,-1700.160650517879,-1700.168028686629,-1700.154164500342,-1700.163831057957,-1700.185564810647,-1700.193726435437,-1700.154171178357,-1700.192808107719,-1700.192015485711,-1700.163828692303,-1700.210349558057,-1700.1813056037322,-1700.216260742488,-1700.214509754725,-1700.216229812494,-1700.202805845041,-1700.215617469975,-1700.214484559877,-1700.209545848627,-1700.215285513037,-1700.200399848009,-1700.201579567488,-1700.189793403981,-1700.203874533381,-1700.198527502425,-1700.19258484873,-1700.197084398275,-1700.200392148307
1,0,0,3,6,-1700.118509576569,-1700.169560457092,-1700.156132329281,-1700.176394669166,-1700.16337120964,-1700.13209612544,-1700.172047508259,-1700.1391357400798,-1700.14313345994,-1699.972233864861,-1700.150308286501,-1700.161465345532,-1700.160000678173,-1700.160597737382,-1700.168053914746,-1700.154247063285,-1700.1633586158769,-1700.185996654545,-1700.193585980656,-1700.15425385833,-1700.192935473261,-1700.191846616844,-1700.163356250223,-1700.210447770889,-1700.180777953869,-1700.216158721797,-1700.214402998205,-1700.216523230289,-1700.202514480005,-1700.215757388126,-1700.21437355043,-1700.209221592751,-1700.215455297339,-1700.200837640721,-1700.201321611459,-1700.189674158453,-1700.203946586241,-1700.198967480029,-1700.1925460556122,-1700.198209413004,-1700.200832761524
1,0,0,3,7,-1700.116891319696,-1700.167397079281,-1700.153928181937,-1700.1740905793652,-1700.161626173203,-1700.129686163387,-1700.16989461172,-1700.1367620608798,-1700.140968789307,-1699.969555783941,-1700.147999793981,-1700.159115685666,-1700.157663901032,-1700.158198912885,-1700.165994395894,-1700.152261460134,-1700.1609849366769,-1700.183667223264,-1700.191434281272,-1700.152271045507,-1700.190797590337,-1700.189705657954,-1700.160982571023,-1700.208449967748,-1700.178567141491,-1700.214092410855,-1700.212335551088,-1700.21423715121,-1700.200389423166,-1700.213696230132,-1700.212308510484,-1700.207131120658,-1700.2133491247,-1700.199506016122,-1700.199386087695,-1700.187513060636,-1700.201864337811,-1700.19666228329,-1700.19022819783,-1700.195848180636,-1700.199506130032
1,0,0,3,8,-1700.120611990793,-1700.167958169284,-1700.154748603582,-1700.169185841383,-1700.164000338445,-1700.1253293164962,-1700.169440549907,-1700.139900588858,-1700.141945095806,-1699.970323382333,-1700.153196085775,-1700.155135470608,-1700.154683737054,-1700.15278697836,-1700.167114563508,-1700.15275441722,-1700.164123464655,-1700.179600077551,-1700.192458839841,-1700.152754316244,-1700.191045347298,-1700.189188370934,-1700.164121099001,-1700.210578694026,-1700.1806098015622,-1700.215784946676,-1700.213750068639,-1700.207205365417,-1700.203398724334,-1700.213331791702,-1700.213781677347,-1700.209096142416,-1700.208626143504,-1700.198725522388,-1700.202290066458,-1700.190169757625,-1700.205275040532,-1700.197492853273,-1700.190062278401,-1700.195550201479,-1700.198956227467
1,0,0,3,9,-1814.364893229515,-1814.419823511768,-1814.404132741685,-1814.423721151116,-1814.411057524542,-1814.380072321813,-1814.419637216646,-1814.3891808306898,-1814.394694193123,-1814.219230144925,-1814.401539623836,-1814.40797747754,-1814.406754295611,-1814.406734743324,-1814.415184102934,-1814.400744975916,-1814.4134037064869,-1814.432697492882,-1814.442755632263,-1814.400750115155,-1814.440378447051,-1814.436138068393,-1814.413401340833,-1814.457497992777,-1814.429573664091,-1814.463672808759,-1814.461821439641,-1814.462853294245,-1814.452126063586,-1814.462233580699,-1814.461790560633,-1814.457126455515,-1814.462306920866,-1814.448727201719,-1814.449302522983,-1814.437670219919,-1814.451892309467,-1814.445950301635,-1814.440299714302,-1814.445133824039,-1814.448733757131
1,0,0,3,10,-1814.366432951956,-1814.416288939956,-1814.401674878206,-1814.415642703863,-1814.411955037915,-1814.372066849115,-1814.416513059275,-1814.387894701892,-1814.38969397988,-1814.219305293044,-1814.396596889502,-1814.400448965933,-1814.400182654059,-1814.399098595516,-1814.414828644021,-1814.399064463943,-1814.412117577689,-1814.425438541658,-1814.440221161974,-1814.399056427937,-1814.438211066432,-1814.431400720914,-1814.4121152120351,-1814.456462367777,-1814.4279014907493,-1814.462388007355,-1814.460257146952,-1814.456173414511,-1814.450022150474,-1814.457973756324,-1814.460290127929,-1814.456643290036,-1814.456453082325,-1814.445457129156,-1814.44921465213,-1814.436560195904,-1814.451761082771,-1814.443824587998,-1814.43669338391,-1814.441951212827,-1814.445453166128
1,0,0,3,11,-1967.905459929574,-1967.958130737712,-1967.944376016921,-1967.955013770965,-1967.951709765374,-1967.911807139618,-1967.956556446392,-1967.9286528506918,-1967.932356361965,-1967.759794441288,-1967.938379925732,-1967.939448603413,-1967.93943844186,-1967.93814223782,-1967.954175325254,-1967.938531082015,-1967.9528757264889,-1967.964909013074,-1967.981867292377,-1967.938532608765,-1967.977906322762,-1967.973763868679,-1967.952873360835,-1967.995974525502,-1967.9679665084072,-1968.002252682318,-1968.000112430948,-1967.99490062883,-1967.991999306104,-1967.996899402235,-1968.00014251677,-1967.996722090397,-1967.995673809567,-1967.985677217526,-1967.989027612033,-1967.97794006776,-1967.991567883125,-1967.982777883092,-1967.97603152198,-1967.980614194704,-1967.98568588137
1,0,0,3,12,-1775.260376870081,-1775.311894633472,-1775.2974736347721,-1775.316862639653,-1775.304882608166,-1775.272547661594,-1775.313030356733,-1775.2813883285057,-1775.28424791115,-1775.114357992531,-1775.293039208002,-1775.302251392963,-1775.300691503006,-1775.302708311594,-1775.309097400833,-1775.296876782344,-1775.3056112043027,-1775.326711486363,-1775.33471704881,-1775.296880533218,-1775.33402615353,-1775.333081679178,-1775.3056088386488,-1775.352446905968,-1775.322994141592,-1775.35813326649,-1775.356264726011,-1775.357260567998,-1775.343609785949,-1775.356450312986,-1775.35624270782,-1775.350501114174,-1775.356193800204,-1775.342227160892,-1775.342491405665,-1775.330889130182,-1775.34482304254,-1775.340533710541,-1775.333067055542,-1775.340181042685,-1775.342227732896
1,0,0,4,0,-1700.1121085234731,-1700.160906658026,-1700.1489667546562,-1700.16876692212,-1700.15673397696,-1700.1243800212121,-1700.164560418859,-1700.13253807872,-1700.135600091189,-1699.962842168721,-1700.143332234884,-1700.153821868655,-1700.152311360038,-1700.15286560743,-1700.160212064904,-1700.146643746721,-1700.1574341296691,-1700.178433431895,-1700.18632274685,-1700.146651555027,-1700.185484225957,-1700.184200496144,-1700.157428174085,-1700.20277932753,-1700.175113050359,-1700.208945627816,-1700.207407102319,-1700.209021152539,-1700.195506713261,-1700.208338888547,-1700.207388915555,-1700.201860412159,-1700.207950869741,-1700.194334484366,-1700.194229042303,-1700.182322108042,-1700.196655967451,-1700.192464738024,-1700.18488191003,-1700.190296893994,-1700.194341931679
1,0,0,4,1,-2619.037469002892,-2619.086599957193,-2619.072621063568,-2619.090902978258,-2619.083305909946,-2619.046319959609,-2619.086569986917,-2619.058700925537,-2619.063763352552,-2618.87841609238,-2619.070726013822,-2619.065199699905,-2619.073348559928,-2619.075130022996,-2619.081779993919,-2619.06830636779,-2619.083596976486,-2619.100333172506,-2619.111790147826,-2619.068306932809,-2619.107661175963,-2619.105498202185,-2619.083591020902,-2619.126905390028,-2619.10225375347,-2619.133241509336,-2619.131399809392,-2619.130229754085,-2619.121261360081,-2619.13034702861,-2619.131387981064,-2619.124637919401,-2619.131151551253,-2619.117221905833,-2619.117417680622,-2619.106190401074,-2619.119183705262,-2619.113790367482,-2619.106945248775,-2619.113401393271,-2619.117232668395
1,0,0,4,2,-2036.899436283567,-2036.949315015808,-2036.937270008,-2036.9551650641502,-2036.945878685397,-2036.910847059232,-2036.950264973061,-2036.921331031411,-2036.926569871597,-2036.7417907931072,-2036.932763060907,-2036.927455014348,-2036.937470061202,-2036.938715617501,-2036.945338095982,-2036.931772191138,-2036.94622708236,-2036.964140497109,-2036.975031015753,-2036.931771787915,-2036.971108939225,-2036.968469216186,-2036.946221126776,-2036.989518789082,-2036.96476501093,-2036.995926831044,-2036.994546369081,-2036.994567351934,-2036.984502908644,-2036.99512988077,-2036.994520966657,-2036.988221525188,-2036.995351858067,-2036.98004757473,-2036.980828022357,-2036.96935789349,-2036.982682765964,-2036.976837299035,-2036.9713262746723,-2036.976039622936,-2036.98005823231
1,0,0,4,3,-1904.457812234031,-1904.509133274006,-1904.4985273441641,-1904.512857278029,-1904.505785374201,-1904.468808769767,-1904.507873022513,-1904.481575514565,-1904.486970526804,-1904.2943524495931,-1904.493313847383,-1904.486678867156,-1904.494381762037,-1904.497279420695,-1904.502400175746,-1904.488610628851,-1904.506471565514,-1904.52156222419,-1904.535823417681,-1904.488605447101,-1904.528452191203,-1904.529083245096,-1904.50646560993,-1904.547041176839,-1904.525767673536,-1904.554201279826,-1904.552393739422,-1904.551160950728,-1904.545346190078,-1904.552184852653,-1904.552373991974,-1904.546274560551,-1904.553057251055,-1904.537708653375,-1904.538938488762,-1904.529154438457,-1904.542627030575,-1904.534405625982,-1904.5292461088702,-1904.53354360205,-1904.537714921821
1,0,0,4,4,-1927.823972097382,-1927.874581108537,-1927.8621054253952,-1927.879701850406,-1927.87028823683,-1927.835649101006,-1927.87570500672,-1927.846595009483,-1927.851648296883,-1927.6722584565061,-1927.85819875035,-1927.853017234149,-1927.862553616037,-1927.863991490214,-1927.870555159419,-1927.85737852597,-1927.8714910604322,-1927.889377828009,-1927.900279608317,-1927.857376078934,-1927.896456359898,-1927.893590371577,-1927.871485104848,-1927.914380551074,-1927.890152386114,-1927.921125217841,-1927.919530356714,-1927.919978482413,-1927.90941995229,-1927.921108558371,-1927.919507289406,-1927.91381003735,-1927.920946274996,-1927.905612109503,-1927.905689126973,-1927.893625336859,-1927.907673616871,-1927.902113551236,-1927.8963641959763,-1927.901814205158,-1927.905621928348
1,0,0,4,5,-1739.40277852685,-1739.451967425518,-1739.440284418419,-1739.459890253435,-1739.447709059295,-1739.415754928687,-1739.455928355316,-1739.4235314338691,-1739.426984233851,-1739.2554692755,-1739.434224348053,-1739.444834508759,-1739.443559312164,-1739.444504516579,-1739.451558276862,-1739.43804471334,-1739.4484274848182,-1739.46946124969,-1739.477558231214,-1739.438052297049,-1739.476809599114,-1739.475602365579,-1739.448421529234,-1739.491917523202,-1739.465898440663,-1739.499963650221,-1739.498482773446,-1739.50019851248,-1739.486801412438,-1739.499528298481,-1739.498465034747,-1739.493279131641,-1739.498967861377,-1739.485181889249,-1739.485461980094,-1739.473742547275,-1739.487975019035,-1739.481855277189,-1739.4761395837922,-1739.481595394006,-1739.485190631442
1,0,0,4,6,-1739.402516185111,-1739.452010375737,-1739.439991884316,-1739.459994529132,-1739.447068733351,-1739.415686161542,-1739.455898655348,-1739.423058991789,-1739.426920983709,-1739.256795313609,-1739.433906312001,-1739.44533871489,-1739.443884114085,-1739.444433770632,-1739.451578574621,-1739.438131042736,-1739.4479550427382,-1739.4698949604,-1739.477427285827,-1739.438138350411,-1739.476808380791,-1739.475424978641,-1739.447949087154,-1739.493793891605,-1739.4653707908,-1739.499869171806,-1739.49838277363,-1739.500491843353,-1739.486510079858,-1739.499669325269,-1739.498360402397,-1739.492958509923,-1739.499136841016,-1739.485789763958,-1739.485204889075,-1739.473626267611,-1739.487774795823,-1739.48228942293,-1739.476102045021,-1739.482220689497,-1739.485797549804
1,0,0,4,7,-1739.400897928238,-1739.449831238981,-1739.437786490611,-1739.457690718061,-1739.445324056694,-1739.41327780748,-1739.453746793787,-1739.420685312589,-1739.424756224554,-1739.254117232689,-1739.431602996329,-1739.442988651052,-1739.441557008179,-1739.442034137239,-1739.449522731598,-1739.436145510462,-1739.4455813635382,-1739.467565552026,-1739.475273258583,-1739.43615605806,-1739.474850659567,-1739.47328153814,-1739.445575407954,-1739.491799475029,-1739.463159978422,-1739.497801307392,-1739.496314975262,-1739.4982050866,-1739.48438606645,-1739.497608150452,-1739.496295705422,-1739.490866315867,-1739.497029045849,-1739.483438554024,-1739.483155059467,-1739.471463148533,-1739.485691155423,-1739.479982563617,-1739.473787782078,-1739.479375390014,-1739.483442012037
1,0,0,4,8,-1739.404618599335,-1739.451542471567,-1739.4385997792551,-1739.452864753023,-1739.447684622689,-1739.4090252412132,-1739.453303582492,-1739.4238238405671,-1739.425729962585,-1739.254884831081,-1739.430217349513,-1739.438927306235,-1739.43857275854,-1739.441542588311,-1739.450678979713,-1739.436620237543,-1739.4487198915162,-1739.463484877245,-1739.476304918773,-1739.436621393064,-1739.475034242728,-1739.47263492442,-1739.4487139359321,-1739.494027086087,-1739.465202638493,-1739.499536042301,-1739.497726930993,-1739.491171525819,-1739.487394107147,-1739.497238382891,-1739.497767386789,-1739.492852718668,-1739.492339467608,-1739.483912649207,-1739.486166631954,-1739.474122850802,-1739.489107861187,-1739.480796234127,-1739.473690992982,-1739.479424127387,-1739.483896079112
1,0,0,4,9,-1853.648899838057,-1853.701537691818,-1853.68799724309,-1853.7073292292541,-1853.694763426139,-1853.6636603840561,-1853.703490549505,-1853.673104082399,-1853.678472276343,-1853.503791593673,-1853.685100254386,-1853.691841765375,-1853.690660101778,-1853.690603122805,-1853.69869427207,-1853.684624396835,-1853.6980001333482,-1853.716599949174,-1853.726606717602,-1853.684629652637,-1853.724385079035,-1853.720007897998,-1853.697994177764,-1853.740844445735,-1853.714166501022,-1853.74739204061,-1853.745799041628,-1853.746822214824,-1853.736105845708,-1853.746144737381,-1853.745776160028,-1853.740867683735,-1853.745988987471,-1853.732684201295,-1853.733185973639,-1853.721621405763,-1853.735729206392,-1853.729287272273,-1853.7238477280962,-1853.72864346277,-1853.732696462969
1,0,0,4,10,-1853.650439560498,-1853.7000070673341,-1853.685530729449,-1853.6993171250272,-1853.69566116604,-1853.655729116135,-1853.700374792038,-1853.671817953601,-1853.673477864387,-1853.503866741792,-1853.680180450865,-1853.684233273195,-1853.683982249052,-1853.682941856528,-1853.698378015123,-1853.682954589254,-1853.69671400455,-1853.709361780029,-1853.724066827328,-1853.682946995625,-1853.7222765264,-1853.715275695705,-1853.696708048966,-1853.739890412546,-1853.7124943276801,-1853.746138223248,-1853.744238511051,-1853.740121471131,-1853.734020731974,-1853.741869968326,-1853.74426972105,-1853.740392951823,-1853.74013756838,-1853.73033857068,-1853.73308851078,-1853.720506434216,-1853.735612485976,-1853.72713118833,-1853.720304838817,-1853.725830601969,-1853.730330265414
1,0,0,4,11,-2007.189466538116,-2007.241846411583,-2007.228273355648,-2007.238683032393,-2007.235410961841,-2007.195478704776,-2007.240419248365,-2007.212576102401,-2007.216121352659,-2007.044355890036,-2007.221895454271,-2007.223229869762,-2007.223246265947,-2007.221997277195,-2007.237714136488,-2007.222418348204,-2007.2374721533502,-2007.248829050743,-2007.265711177984,-2007.222420317886,-2007.261947204728,-2007.257309062345,-2007.237466197766,-2007.279460082956,-2007.252559345338,-2007.286007406591,-2007.284088194825,-2007.278850719384,-2007.275985358203,-2007.280793473845,-2007.28412121794,-2007.280473575334,-2007.27935332469,-2007.269570966997,-2007.272901380114,-2007.260629538861,-2007.275425016656,-2007.266094336542,-2007.259642790153,-2007.264500736461,-2007.269581391474
1,0,0,4,12,-1814.544383478623,-1814.5943205461401,-1814.581334508458,-1814.600467130063,-1814.588578460679,-1814.556138049319,-1814.596888603874,-1814.565311580215,-1814.568034310494,-1814.398919441279,-1814.577118142425,-1814.58613703631,-1814.584466496915,-1814.586540732214,-1814.592625300894,-1814.58075747161,-1814.590207631164,-1814.610609001649,-1814.61855977534,-1814.580760921243,-1814.618007724308,-1814.616668180408,-1814.59020167558,-1814.635925494769,-1814.607586978523,-1814.641851941709,-1814.640249559083,-1814.641228840841,-1814.627602442731,-1814.640361419039,-1814.640230682625,-1814.634242077581,-1814.639872286604,-1814.627531729053,-1814.626375218802,-1814.614835333319,-1814.628855856241,-1814.623842839223,-1814.6166262279003,-1814.624160541699,-1814.627539679845
1,0,0,5,0,-1813.144930461026,-1813.195993278779,-1813.1818646255701,-1813.203062280482,-1813.190505404806,-1813.158033945145,-1813.196199171484,-1813.164497690169,-1813.166881728052,-1812.9973832144449,-1813.179422318317,-1813.186355355633,-1813.184031113652,-1813.185197559428,-1813.193219005359,-1813.178392514414,-1813.190763084799,-1813.209864769635,-1813.219242823152,-1813.178393629315,-1813.220157700937,-1813.211796596772,-1813.19075884024,-1813.234552255235,-1813.208443716514,-1813.24007183428,-1813.241831311986,-1813.242805687986,-1813.22842356548,-1813.239704698774,-1813.24185228415,-1813.233145647437,-1813.242187334606,-1813.22595700376,-1813.228035567537,-1813.215377499596,-1813.229143622907,-1813.227987561548,-1813.218542029544,-1813.223030573822,-1813.225965086917
1,0,0,5,1,-2732.0702909404454,-2732.122524130788,-2732.1054500140667,-2732.125153327958,-2732.116698879993,-2732.079915126526,-2732.118118101492,-2732.090660536986,-2732.09450715991,-2731.912957138104,-2732.105793680084,-2732.096893249412,-2732.105070124542,-2732.107321489285,-2732.114790945575,-2732.099973709065,-2732.116925931616,-2732.132812976717,-2732.145135019239,-2732.099969223244,-2732.143361897699,-2732.137085234809,-2732.116921687057,-2732.161105485387,-2732.135584419625,-2732.164329308004,-2732.166758384089,-2732.164032880956,-2732.154219035988,-2732.161755672848,-2732.16674658183,-2732.155877830925,-2732.165360591616,-2732.148803961362,-2732.1513326339,-2732.139592338439,-2732.151756537608,-2732.150873213754,-2732.1406506130484,-2732.146464083419,-2732.148808394185
1,0,0,5,2,-2149.9322582211203,-2149.9852166867518,-2149.970093599008,-2149.989451797836,-2149.979252091642,-2149.944463021421,-2149.981794515775,-2149.95329064286,-2149.957290085045,-2149.776331838831,-2149.968782467667,-2149.959749332406,-2149.969073929646,-2149.971002595766,-2149.978344335086,-2149.963394069522,-2149.97955603749,-2149.995488505901,-2150.006303141229,-2149.963387576185,-2150.007584072499,-2150.000078621371,-2149.979551792931,-2150.021580059314,-2149.998095677085,-2150.027274139342,-2150.029117894358,-2150.028396151087,-2150.017467322221,-2150.026473015424,-2150.029128536624,-2150.019460973037,-2150.029535480571,-2150.011664976775,-2150.014701885056,-2150.003749287494,-2150.015233102517,-2150.013802386196,-2150.005086876289,-2150.008972897784,-2150.011662793318
1,0,0,5,3,-2017.4906341715841,-2017.544897769299,-2017.5308898476121,-2017.547154811748,-2017.539148289819,-2017.502401152054,-2017.539326124106,-2017.5135351260142,-2017.517638088969,-2017.328893495317,-2017.529175157252,-2017.519010615235,-2017.525898234152,-2017.529412285342,-2017.535446929596,-2017.520162078856,-2017.539800520644,-2017.552849321038,-2017.569156891871,-2017.520151924986,-2017.563035583278,-2017.560700842762,-2017.5397962760849,-2017.579071190527,-2017.559098339691,-2017.585261796408,-2017.587075246128,-2017.584985458471,-2017.578336795588,-2017.583613083066,-2017.587079889887,-2017.577478160063,-2017.587196514132,-2017.56942135511,-2017.572864186242,-2017.562323796955,-2017.57619976965,-2017.571255431927,-2017.5630966584772,-2017.566613529975,-2017.569418209836
1,0,0,5,4,-2040.856794034935,-2040.910477071223,-2040.894971696364,-2040.9139942146521,-2040.903722215809,-2040.86929288786,-2040.907308794473,-2040.878554620932,-2040.882386577282,-2040.70679950223,-2040.894097128695,-2040.885324583822,-2040.894214663426,-2040.896318232693,-2040.903660306813,-2040.889061910286,-2040.904820015562,-2040.920668801113,-2040.932296305747,-2040.88905534649,-2040.930981876236,-2040.925204132789,-2040.904815771003,-2040.946356244008,-2040.9234830522691,-2040.952235146689,-2040.9539984069,-2040.95368955956,-2040.94240785236,-2040.952527821333,-2040.954025392909,-2040.945072433906,-2040.955153384064,-2040.937228318953,-2040.939520561289,-2040.926480093222,-2040.940145732004,-2040.939077498526,-2040.9301252887371,-2040.934096725793,-2040.937226058949
1,0,0,5,5,-1852.4356004644033,-1852.4871444094072,-1852.473187731123,-1852.494175110262,-1852.481341897059,-1852.449411491315,-1852.487551874376,-1852.455491045318,-1852.458269931868,-1852.290010321224,-1852.470534678914,-1852.477007679741,-1852.475291972341,-1852.476789249761,-1852.484578506343,-1852.469797129721,-1852.4817564399482,-1852.500734615796,-1852.510468242824,-1852.469799295849,-1852.511186801529,-1852.503051623988,-1852.4817521953892,-1852.525650527894,-1852.499229106818,-1852.531105151814,-1852.532660720255,-1852.533997084676,-1852.51973405952,-1852.530904196395,-1852.532688250277,-1852.526800936788,-1852.533186193175,-1852.516791239818,-1852.519241444981,-1852.506774768401,-1852.520456835139,-1852.518889964219,-1852.509827694506,-1852.513820592273,-1852.516796387893
1,0,0,5,6,-1852.4353381226642,-1852.487115000484,-1852.472902591123,-1852.4943183286891,-1852.480885908492,-1852.449370041448,-1852.487564612036,-1852.455018603238,-1852.458229306617,-1852.291336359333,-1852.470090430895,-1852.476665755571,-1852.475659221876,-1852.476780997551,-1852.484611296538,-1852.469910081876,-1852.481283997868,-1852.501312319417,-1852.510315605714,-1852.469911650066,-1852.51150478707,-1852.502916861176,-1852.481279753309,-1852.525586461092,-1852.4987014569551,-1852.531004207538,-1852.532723134351,-1852.534277916131,-1852.519455674438,-1852.531024724961,-1852.532751824621,-1852.524255490978,-1852.533378122021,-1852.517423805546,-1852.518983800469,-1852.506653978759,-1852.520251705218,-1852.519362751858,-1852.50976108019,-1852.514427712471,-1852.517431408179
1,0,0,5,7,-1852.433719865791,-1852.4849531175641,-1852.4706900798,-1852.491995134,-1852.479156480023,-1852.446944831388,-1852.485412805747,-1852.452644924038,-1852.456061307585,-1852.2886582784129,-1852.467739372979,-1852.475575044232,-1852.473320925482,-1852.474371684142,-1852.482548621655,-1852.467935256676,-1852.478910318668,-1852.499021506576,-1852.508168358907,-1852.467937249821,-1852.509430928374,-1852.500824344754,-1852.478906074109,-1852.523547664171,-1852.496490644577,-1852.528930642672,-1852.530738385991,-1852.531989401171,-1852.517319825078,-1852.528971205034,-1852.530772876312,-1852.522164501623,-1852.53128797559,-1852.515073075692,-1852.51694961635,-1852.504445560092,-1852.518178510594,-1852.517064922587,-1852.5074259733142,-1852.512062806387,-1852.515079540743
1,0,0,5,8,-1852.437440536888,-1852.485012524045,-1852.471496008598,-1852.486637602532,-1852.48168374118,-1852.441874678695,-1852.484872032326,-1852.455783452016,-1852.457001005815,-1852.289425876805,-1852.464092867255,-1852.472021962937,-1852.47008876147,-1852.468984108738,-1852.483540842217,-1852.46840688985,-1852.4820488466462,-1852.494686819612,-1852.508843347902,-1852.468403856687,-1852.509583231996,-1852.500988110165,-1852.4820446020872,-1852.528126410646,-1852.498533304648,-1852.53056278957,-1852.532242187805,-1852.524538033235,-1852.520232464273,-1852.530817209818,-1852.532224938381,-1852.524058828593,-1852.526440051449,-1852.515813458865,-1852.519928048428,-1852.507466568453,-1852.521577519936,-1852.517997125315,-1852.5069064582522,-1852.511322277653,-1852.515814730245
1,0,0,5,9,-1966.6817217756102,-1966.737764117147,-1966.720875048541,-1966.741591563594,-1966.728316584634,-1966.6972758518941,-1966.73509879804,-1966.705063693848,-1966.706277267217,-1966.538332639397,-1966.721176665471,-1966.724163068514,-1966.722338199045,-1966.722860251847,-1966.73176564259,-1966.716355322108,-1966.731329088478,-1966.747937802201,-1966.758336433736,-1966.716357982698,-1966.758991373826,-1966.751583860625,-1966.731324843919,-1966.772645311812,-1966.7474971671768,-1966.778491039499,-1966.780250186041,-1966.78063076952,-1966.769072051967,-1966.777523240557,-1966.780280981086,-1966.77212283776,-1966.780202327895,-1966.764316418923,-1966.766932461084,-1966.75461705123,-1966.76818221005,-1966.76629296009,-1966.7575817338452,-1966.760879596552,-1966.764315107648
1,0,0,5,10,-1966.6832614980513,-1966.734367777788,-1966.71839928766,-1966.7330315145991,-1966.729448482117,-1966.688650880722,-1966.731978365208,-1966.7037775650501,-1966.706122648035,-1966.538407787516,-1966.715484398472,-1966.717144825269,-1966.715697448372,-1966.715343098245,-1966.731172994911,-1966.714666596126,-1966.7300429596798,-1966.739914606862,-1966.756845532032,-1966.714652875988,-1966.757809116594,-1966.74720542032,-1966.7300387151208,-1966.774121462597,-1966.745824993835,-1966.777266985245,-1966.778784033357,-1966.773273026849,-1966.766812394063,-1966.77406279446,-1966.778768378001,-1966.771674314309,-1966.774387330473,-1966.761977618899,-1966.766983917763,-1966.753367269377,-1966.768222859886,-1966.764356996749,-1966.7536425041262,-1966.757733108192,-1966.761976814442
1,0,0,5,11,-2120.2222884756693,-2120.276266516886,-2120.258926076154,-2120.272395322943,-2120.269167900059,-2120.228336793316,-2120.271982592328,-2120.24453571385,-2120.246915646436,-2120.07889693576,-2120.257108319563,-2120.256115079657,-2120.255011223798,-2120.254371952574,-2120.270563782201,-2120.254127404066,-2120.27080110848,-2120.279331946143,-2120.298582487776,-2120.254127302092,-2120.29750364313,-2120.28821406819,-2120.270796863921,-2120.313689356523,-2120.285890011493,-2120.317111774925,-2120.318604934664,-2120.312018729428,-2120.30884461632,-2120.312994927043,-2120.318590274876,-2120.311735698702,-2120.313621959291,-2120.301211419348,-2120.306777272173,-2120.293531470544,-2120.30802145866,-2120.303222854347,-2120.2929905700203,-2120.296404159849,-2120.301220467136
1,0,0,5,12,-1927.5772054161762,-1927.629505295942,-1927.614239760258,-1927.63475541565,-1927.622452415464,-1927.589822665443,-1927.628570542105,-1927.5972711916638,-1927.599335155342,-1927.433460487003,-1927.612768112896,-1927.607301547318,-1927.616377607724,-1927.618943408482,-1927.625647543826,-1927.613085718921,-1927.623536586294,-1927.643161301378,-1927.651423784575,-1927.613100591192,-1927.653291150373,-1927.644103655723,-1927.623532341735,-1927.667207191434,-1927.6409176446778,-1927.672996406807,-1927.674827984119,-1927.675006239472,-1927.660539825614,-1927.671728116165,-1927.674847373056,-1927.665551178758,-1927.674144293221,-1927.659168334757,-1927.660149313662,-1927.647915006833,-1927.661330344606,-1927.661044091665,-1927.650261566364,-1927.655793164065,-1927.659174377668
1,0,0,19,0,-1700.109672330605,-1700.160434937294,-1700.141399831346,-1700.166600006567,-1700.152622860331,-1700.1207417696091,-1700.162508863011,-1700.13152927885,-1700.135290821897,-1699.961278004077,-1700.129737017059,-1700.151307848359,-1700.149951485813,-1700.152544352427,-1700.159127560289,-1700.144027151105,-1700.155968274929,-1700.176564310183,-1700.185220958778,-1700.144041804434,-1700.182966169438,-1700.185194255597,-1700.155970001357,-1700.202456143972,-1700.173654877631,-1700.207731120775,-1700.206622945871,-1700.208110068669,-1700.194137812185,-1700.207527458271,-1700.206591480289,-1700.201059055315,-1700.207739877198,-1700.193156480193,-1700.193815213524,-1700.182463976773,-1700.195609968468,-1700.189095200238,-1700.184502927455,-1700.188970621952,-1700.193152029486
1,0,0,19,1,-2619.035032810024,-2619.0863079462956,-2619.067006377769,-2619.088691162289,-2619.079202190008,-2619.0427086124896,-2619.084488676442,-2619.057692125667,-2619.062895709671,-2618.876851927736,-2619.056447956652,-2619.055937735399,-2619.071138311997,-2619.074682450281,-2619.080836574606,-2619.065679833501,-2619.082131121746,-2619.098513440073,-2619.108247195737,-2619.065696917921,-2619.105075075808,-2619.104238611577,-2619.0821328481743,-2619.126213069667,-2619.1007955807418,-2619.131782254419,-2619.130583776713,-2619.129399698271,-2619.120384713421,-2619.129530115972,-2619.13055803457,-2619.123662850409,-2619.130952552297,-2619.116138655451,-2619.116946612407,-2619.104664434932,-2619.11775997474,-2619.112166198282,-2619.106561452383,-2619.112173338348,-2619.116133983243
1,0,0,19,2,-2036.8970000906993,-2036.9489946036051,-2036.9318898362872,-2036.952956080064,-2036.941730430301,-2036.916683232047,-2036.948234868642,-2036.920322231541,-2036.925688383456,-2036.740226628463,-2036.919300242046,-2036.918660033895,-2036.934981710083,-2036.938305510331,-2036.944327041208,-2036.929116173838,-2036.94476122762,-2036.962130269257,-2036.972315806952,-2036.929141052202,-2036.969360919695,-2036.97091034306,-2036.944762954048,-2036.989200778874,-2036.963306838202,-2036.994866079052,-2036.993850906796,-2036.993719073203,-2036.983566042197,-2036.994281615541,-2036.993833315328,-2036.987296682912,-2036.995133815616,-2036.978903110528,-2036.980365104601,-2036.968326605906,-2036.981313141044,-2036.976726190274,-2036.9709583910062,-2036.974761054758,-2036.978900960401
1,0,0,19,3,-1904.4553760411632,-1904.508829960642,-1904.491729653904,-1904.510608071577,-1904.501732584149,-1904.47491692957,-1904.505856202644,-1904.480566714695,-1904.48609865454,-1904.292788284949,-1904.48001081285,-1904.47789656023,-1904.491793194248,-1904.496632587425,-1904.501466802072,-1904.48595141475,-1904.5050057107742,-1904.519441607885,-1904.534980854718,-1904.485973681439,-1904.525789356353,-1904.527767791828,-1904.505007437202,-1904.546520750854,-1904.524309500808,-1904.55277983383,-1904.551627829002,-1904.550351810771,-1904.54439409489,-1904.55139168562,-1904.551603637678,-1904.545259489875,-1904.552841497771,-1904.536609312205,-1904.538441899813,-1904.528058456744,-1904.541494942191,-1904.532772404155,-1904.5288936444772,-1904.532302900515,-1904.536607902825
1,0,0,19,4,-1927.8215359045141,-1927.874291413789,-1927.8568562414312,-1927.877471075194,-1927.866146762588,-1927.8419771303002,-1927.873696559686,-1927.845586209613,-1927.850777911655,-1927.6706942918622,-1927.844794132546,-1927.844240452464,-1927.860090145618,-1927.86361947763,-1927.869510142288,-1927.854718031221,-1927.870025205692,-1927.887304744479,-1927.898423091518,-1927.854734784364,-1927.894660097163,-1927.896346265862,-1927.87002693212,-1927.913932581614,-1927.888694213386,-1927.919839594258,-1927.918763057504,-1927.919081404956,-1927.90848293261,-1927.920351868323,-1927.918722382853,-1927.912930730135,-1927.920756390392,-1927.904477443582,-1927.905244810105,-1927.893860314597,-1927.906558380024,-1927.90035939454,-1927.896002190871,-1927.899962075106,-1927.904474490972
1,0,0,19,5,-1739.4003423339823,-1739.4515048612711,-1739.432684729945,-1739.4577119754451,-1739.443593834796,-1739.411963144589,-1739.453821923794,-1739.422522633999,-1739.426676731718,-1739.253905110856,-1739.425371536829,-1739.442314191409,-1739.441184284713,-1739.444239269664,-1739.450638326611,-1739.43542805507,-1739.446961630078,-1739.46756723787,-1739.476442496311,-1739.435443256431,-1739.474181585989,-1739.476597557283,-1739.446963356506,-1739.493395997283,-1739.464440267935,-1739.498786375819,-1739.49771230444,-1739.499269260577,-1739.485434027525,-1739.498734831286,-1739.497683813301,-1739.492476199714,-1739.498758001494,-1739.484042413354,-1739.485051764421,-1739.473818385947,-1739.487010765769,-1739.480007818517,-1739.475775436938,-1739.479775915603,-1739.484042300602
1,0,0,19,6,-1739.4000799922433,-1739.4515528576042,-1739.4324064806,-1739.4578430781921,-1739.442936929727,-1739.412084074715,-1739.453857515654,-1739.422050191919,-1739.426630285926,-1739.2552311489649,-1739.420297887558,-1739.442746274101,-1739.441551332426,-1739.444147136634,-1739.450474896492,-1739.435513929929,-1739.446489187998,-1739.467992633194,-1739.476342138324,-1739.435528878465,-1739.474320713593,-1739.476443264703,-1739.446490914426,-1739.493464808284,-1739.463912618072,-1739.498692309024,-1739.497598961962,-1739.499562968942,-1739.485134381178,-1739.498851279566,-1739.49756641655,-1739.492193321616,-1739.498928676989,-1739.484606885679,-1739.484800615438,-1739.473750347059,-1739.486847183943,-1739.480432916643,-1739.4757273145183,-1739.480401696153,-1739.484602152885
1,0,0,19,7,-1739.3984617353701,-1739.449385573087,-1739.4302404081482,-1739.455529405041,-1739.441214059798,-1739.4096240752372,-1739.451686795815,-1739.419676512719,-1739.424465434953,-1739.252553068045,-1739.418012959101,-1739.440513787303,-1739.439244631363,-1739.441735554808,-1739.448437738909,-1739.433541488246,-1739.444115508798,-1739.465730441206,-1739.474177153103,-1739.433558164367,-1739.472193204397,-1739.474298789038,-1739.444117235226,-1739.491515911757,-1739.461701805694,-1739.496620533094,-1739.495533679006,-1739.497277630131,-1739.483016227934,-1739.496800060923,-1739.495497780422,-1739.490097184927,-1739.496823280081,-1739.482242402591,-1739.482748287409,-1739.471582024365,-1739.484747662807,-1739.478116928209,-1739.473403663893,-1739.478032568144,-1739.482237900829
1,0,0,19,8,-1739.402182406467,-1739.447932171511,-1739.430374436989,-1739.4505323142291,-1739.443928470934,-1739.403714963782,-1739.451014810433,-1739.422815040697,-1739.42522962778,-1739.253320666437,-1739.432340281162,-1739.433326638456,-1739.43639857574,-1739.441023839942,-1739.449560881062,-1739.434160867635,-1739.447254036776,-1739.462504556556,-1739.474971670038,-1739.434163679131,-1739.472459348807,-1739.473894324333,-1739.447255763204,-1739.492938312728,-1739.463744465765,-1739.498075588893,-1739.496855756331,-1739.489790555488,-1739.485901404756,-1739.4976420776,-1739.496838874305,-1739.491952402604,-1739.492122686102,-1739.482874669583,-1739.485747640249,-1739.474167529914,-1739.487982326037,-1739.478554718114,-1739.4730846368602,-1739.477573198869,-1739.482861981643
1,0,0,19,9,-1853.6464636451892,-1853.701210888137,-1853.6819838566391,-1853.705117503767,-1853.690606745089,-1853.6597452657682,-1853.701453869422,-1853.672095282529,-1853.674669906527,-1853.502227429029,-1853.676560105536,-1853.689125433991,-1853.688238549422,-1853.690312502452,-1853.697585383223,-1853.682004258789,-1853.696534278608,-1853.714555172339,-1853.724277851244,-1853.682013626561,-1853.721726742736,-1853.722650607699,-1853.696536005036,-1853.740456540431,-1853.712708328294,-1853.746151993744,-1853.745013163319,-1853.745896174866,-1853.735165968907,-1853.745371712365,-1853.744980131351,-1853.740007897391,-1853.74577569253,-1853.731540500841,-1853.732752096561,-1853.721675117141,-1853.734513357719,-1853.727550241242,-1853.7234969082729,-1853.727335570475,-1853.731534973004
1,0,0,19,10,-1853.6480033676303,-1853.694543694141,-1853.677468401252,-1853.696947183566,-1853.691849282196,-1853.6503976180911,-1853.69830007386,-1853.670809153731,-1853.673043857845,-1853.502302577148,-1853.679811382294,-1853.682453593789,-1853.681529928444,-1853.682065984287,-1853.697224264328,-1853.680464251872,-1853.6952481498101,-1853.708075451054,-1853.722901661407,-1853.680469524298,-1853.720165671383,-1853.721025549834,-1853.695249876238,-1853.738574526783,-1853.7110361549521,-1853.744625201419,-1853.743412526866,-1853.739139485783,-1853.733388242081,-1853.741731041742,-1853.744624610598,-1853.739511170502,-1853.740000917192,-1853.729049966449,-1853.732717341602,-1853.720669795366,-1853.734322624367,-1853.725134691317,-1853.7197613068129,-1853.723830781343,-1853.72931084131
1,0,0,19,11,-2007.187030345248,-2007.237141838309,-2007.220571350452,-2007.2362338215241,-2007.231619507797,-2007.1900121295141,-2007.238312378769,-2007.211567302531,-2007.215234916914,-2007.042791725392,-2007.210075818694,-2007.221442880916,-2007.220856008059,-2007.221096051479,-2007.236573172792,-2007.219943371104,-2007.23600629861,-2007.247432957748,-2007.262821993837,-2007.219936406035,-2007.259676064961,-2007.260047956216,-2007.236008025038,-2007.278140000146,-2007.25110117261,-2007.2844766039,-2007.283286694417,-2007.277862745315,-2007.274976650102,-2007.280680366572,-2007.28328776295,-2007.279516946937,-2007.27920609868,-2007.26839861788,-2007.272523057173,-2007.260629251784,-2007.274141234418,-2007.264093457379,-2007.259099647507,-2007.263270148375,-2007.26838997019
1,0,0,19,12,-1814.5419472857552,-1814.593889614501,-1814.573697772315,-1814.5983157234941,-1814.584482124212,-1814.552496541866,-1814.594820468529,-1814.5643027803449,-1814.567726114488,-1814.3973552766352,-1814.563144006091,-1814.583749341717,-1814.582390943745,-1814.586208087408,-1814.591571506204,-1814.57859456922,-1814.5887417764238,-1814.608995452558,-1814.617443947795,-1814.578605613289,-1814.615692308428,-1814.617666936639,-1814.588743502852,-1814.635256762545,-1814.606128805795,-1814.640584194698,-1814.63941174069,-1814.640292013424,-1814.626260546961,-1814.639554436793,-1814.639393139752,-1814.633457288188,-1814.639682458352,-1814.626301662384,-1814.625970417193,-1814.614934808303,-1814.627965909229,-1814.62202186278,-1814.616241839667,-1814.622780241469,-1814.626295714002
1,0,0,20,0,-1773.857320411768,-1773.9097876205801,-1773.8969533163101,-1773.915431875496,-1773.9024516754,-1773.869886437823,-1773.90738870935,-1773.876992180411,-1773.878094422048,-1773.709386197359,-1773.892672862289,-1773.890539962104,-1773.896381316092,-1773.897040387211,-1773.906394161683,-1773.89117927951,-1773.900883421437,-1773.925182646911,-1773.930799305225,-1773.891183333947,-1773.929399257099,-1773.930946721863,-1773.9008844285381,-1773.94746753172,-1773.918569304812,-1773.95331147328,-1773.95040503306,-1773.952055836075,-1773.941420447454,-1773.95221169829,-1773.950364705957,-1773.946514027674,-1773.9543588741,-1773.938678912506,-1773.940507190443,-1773.926618331134,-1773.940669842806,-1773.935887015655,-1773.9290134139442,-1773.934436537111,-1773.938674437506
1,0,0,20,1,-2692.782680891187,-2692.8354460933338,-2692.820420599138,-2692.837470881605,-2692.82902969655,-2692.791744833734,-2692.829277421552,-2692.803155027228,-2692.80606496408,-2692.624960121018,-2692.818842001607,-2692.812263358806,-2692.817363406795,-2692.819025184229,-2692.827933474843,-2692.812761719981,-2692.827046268254,-2692.846858220819,-2692.857804679785,-2692.812762124595,-2692.853054735495,-2692.85281281376,-2692.827047275355,-2692.871056268799,-2692.845710007923,-2692.877404884614,-2692.874381401073,-2692.873227401467,-2692.867177049482,-2692.874071733095,-2692.874346621198,-2692.869111593458,-2692.877460031644,-2692.86124690287,-2692.86373795442,-2692.849290986703,-2692.862795203905,-2692.858902321357,-2692.851025146422,-2692.859069580786,-2692.861241247682
1,0,0,20,2,-2110.644648171862,-2110.698159797315,-2110.685031103494,-2110.7017927136258,-2110.691537747253,-2110.656230470076,-2110.693043831739,-2110.665785133102,-2110.663938775471,-2110.488334821745,-2110.681559830763,-2110.676225730483,-2110.681619232922,-2110.682693055813,-2110.691473816746,-2110.676146854106,-2110.689676374128,-2110.710973160783,-2110.719090648726,-2110.67614852686,-2110.714768708102,-2110.716064626901,-2110.689677381229,-2110.734068160554,-2110.708221265383,-2110.74040326325,-2110.737663023174,-2110.737570964679,-2110.730356643539,-2110.738807546705,-2110.737632644166,-2110.732673501834,-2110.741986868208,-2110.724439927623,-2110.727165870029,-2110.71270154355,-2110.726323100656,-2110.721838375579,-2110.7154536073863,-2110.720019653514,-2110.724182719611
1,0,0,20,3,-1978.203024122326,-1978.2576761416021,-1978.249979621078,-1978.2595063974331,-1978.251689826356,-1978.2140479974992,-1978.250609499464,-1978.226029616256,-1978.229328752735,-1978.040896478231,-1978.241467091743,-1978.231113831632,-1978.238620449793,-1978.240939310771,-1978.24850201376,-1978.23294830538,-1978.2499208572822,-1978.268471655409,-1978.28193633825,-1978.232944190877,-1978.275782975028,-1978.276492781432,-1978.249921864383,-1978.291323246323,-1978.269223927989,-1978.298340754457,-1978.297161699162,-1978.294254460233,-1978.291241250763,-1978.29581729608,-1978.297131306476,-1978.290600900998,-1978.299366135243,-1978.281710699141,-1978.285330119396,-1978.27285304008,-1978.287958281385,-1978.279636040113,-1978.2733956621491,-1978.27741247121,-1978.281667318426
1,0,0,20,4,-2001.569183985677,-2001.623208936038,-2001.609970607384,-2001.626352670835,-2001.616071621267,-2001.580944071987,-2001.618554615366,-2001.591049111174,-2001.589436460575,-2001.4188024851442,-2001.606602768052,-2001.601448672865,-2001.606697768441,-2001.608042147054,-2001.616722575172,-2001.601777341551,-2001.6149403522,-2001.636211019792,-2001.645000940741,-2001.601777473456,-2001.640117823211,-2001.641381626528,-2001.6149413593012,-2001.658904422542,-2001.6336086405672,-2001.665382955279,-2001.662595123424,-2001.66304477523,-2001.655225681407,-2001.664946716844,-2001.662549724716,-2001.658305238735,-2001.667371896249,-2001.650081040058,-2001.65200725881,-2001.638161807457,-2001.651579020097,-2001.647343101722,-2001.6405209979998,-2001.645333087084,-2001.649805974351
1,0,0,20,5,-1813.1479904151452,-1813.200887654117,-1813.188306615911,-1813.206530495694,-1813.193440790088,-1813.161230281391,-1813.198812899532,-1813.16798553556,-1813.169485601818,-1813.002013304138,-1813.183804288706,-1813.181873353577,-1813.188081072349,-1813.188668610051,-1813.19770941616,-1813.182576267361,-1813.191876776586,-1813.21665248425,-1813.223250390433,-1813.1825809949,-1813.220777975525,-1813.222289217331,-1813.1918777836872,-1813.23848141512,-1813.209354695116,-1813.242433691726,-1813.241635510156,-1813.243226497143,-1813.232691213594,-1813.243440544364,-1813.241598526502,-1813.237913086086,-1813.245405430438,-1813.229883270237,-1813.231744016234,-1813.218072663447,-1813.232026200356,-1813.226788554998,-1813.2203079883202,-1813.225308704406,-1813.229876991024
1,0,0,20,6,-1813.1477280734061,-1813.200927362203,-1813.188014297079,-1813.20669677453,-1813.19280102519,-1813.161192880085,-1813.198761234227,-1813.16751309348,-1813.169482913066,-1813.0033393422468,-1813.183633141006,-1813.181974093387,-1813.187944737055,-1813.188671009717,-1813.197785169151,-1813.182691714581,-1813.191404334506,-1813.216626511427,-1813.221985159912,-1813.182697611845,-1813.220724174328,-1813.221403361559,-1813.1914053416072,-1813.238547114385,-1813.2088270452532,-1813.244286501412,-1813.241359470376,-1813.243519752891,-1813.232414987674,-1813.243583715184,-1813.24131819804,-1813.237655348931,-1813.245556898501,-1813.230169458282,-1813.231467957554,-1813.217864718866,-1813.231905223046,-1813.228688894791,-1813.2202504005859,-1813.225914495141,-1813.230164706432
1,0,0,20,7,-1813.146109816533,-1813.1987943926981,-1813.1857984120052,-1813.204376020988,-1813.191063237454,-1813.1588097599401,-1813.196593919444,-1813.16513941428,-1813.167318403773,-1813.000661261327,-1813.18114955891,-1813.179681260772,-1813.18563713797,-1813.186256462586,-1813.195730145925,-1813.180749111438,-1813.189030655306,-1813.214307711134,-1813.219831611797,-1813.180754877895,-1813.21865211106,-1813.219302458589,-1813.1890316624072,-1813.236551639659,-1813.2066162328751,-1813.242236658818,-1813.239287083485,-1813.241241580375,-1813.230313440752,-1813.241521408736,-1813.239246378068,-1813.235583155927,-1813.243471410065,-1813.227834367613,-1813.229428085609,-1813.215687857527,-1813.229824322118,-1813.224927926576,-1813.217923259947,-1813.223550630296,-1813.227827562316
1,0,0,20,8,-1813.14983048763,-1813.199035770991,-1813.186747207884,-1813.198976511221,-1813.194245531835,-1813.154557672287,-1813.195981462499,-1813.168277942258,-1813.16843593063,-1813.001428859719,-1813.187867860388,-1813.177860324386,-1813.182813835273,-1813.180172317376,-1813.196852251115,-1813.181382488897,-1813.192169183284,-1813.210623410559,-1813.220753587078,-1813.181371859203,-1813.218885673329,-1813.220296583677,-1813.1921701903852,-1813.238214252131,-1813.208658892946,-1813.241684137653,-1813.240765616938,-1813.234333779394,-1813.233364039991,-1813.24561505473,-1813.240774940364,-1813.237491041639,-1813.238964285968,-1813.228775038743,-1813.230572312434,-1813.218260375515,-1813.233131833981,-1813.225742123622,-1813.2176783192513,-1813.22349645651,-1813.228754429825
1,0,0,20,9,-1927.394111726352,-1927.449041466675,-1927.436061726781,-1927.453917402395,-1927.440384566636,-1927.4089921870182,-1927.446306646599,-1927.41755818409,-1927.417381995863,-1927.250335622311,-1927.435096384262,-1927.429488144258,-1927.435024471426,-1927.434676302189,-1927.444870619078,-1927.429027704507,-1927.441449425116,-1927.463311929163,-1927.471024181908,-1927.429034359631,-1927.467375562092,-1927.468840485615,-1927.4414504322172,-1927.485431576248,-1927.4576227554749,-1927.49157955046,-1927.488901194251,-1927.489847826646,-1927.481865482591,-1927.490067684958,-1927.488856116189,-1927.485332690598,-1927.49245648732,-1927.477154457999,-1927.479385840552,-1927.465875547336,-1927.479612983563,-1927.475799203566,-1927.4680083079952,-1927.472729043177,-1927.476864200444
1,0,0,20,10,-1927.3956514487932,-1927.446348675267,-1927.433666933106,-1927.445263050884,-1927.441774360239,-1927.401112040115,-1927.443337283179,-1927.416272055292,-1927.415933810264,-1927.2504107704299,-1927.426542627556,-1927.424389576889,-1927.428485572228,-1927.426508236988,-1927.444544980719,-1927.426183404405,-1927.4401632963181,-1927.456149757679,-1927.469541003068,-1927.426175816184,-1927.466181049768,-1927.466702604883,-1927.440164303419,-1927.484171910443,-1927.455950582133,-1927.488427401111,-1927.487382792289,-1927.48361662636,-1927.479878370338,-1927.486080816799,-1927.487389948066,-1927.484875680745,-1927.486865594698,-1927.474741271383,-1927.479359997587,-1927.464944203478,-1927.479252720039,-1927.472110000701,-1927.4642901201819,-1927.470755319423,-1927.473653871701
1,0,0,20,11,-2080.9346784264108,-2080.988843772188,-2080.976301398348,-2080.9846063204727,-2080.981487258774,-2080.940742111719,-2080.983350414546,-2080.957030204092,-2080.955959643021,-2080.790899918674,-2080.969947012107,-2080.963868878053,-2080.968190102008,-2080.965516381117,-2080.983853832639,-2080.966682226019,-2080.980921445118,-2080.995460175591,-2081.009465384846,-2080.965644666625,-2081.005316537794,-2081.004487352292,-2080.980922452219,-2081.023724200485,-2080.996015599791,-2081.028349036881,-2081.027329848994,-2081.022371178376,-2081.02157154317,-2081.025017644382,-2081.027339660895,-2081.024797692995,-2081.026147142863,-2081.01394424293,-2081.01913552217,-2081.004976065561,-2081.018880252795,-2081.01103981715,-2081.003611071581,-2081.00939405186,-2081.013035276625
1,0,0,20,12,-1888.289595366918,-1888.343240892984,-1888.329392134329,-1888.347106692838,-1888.334359558126,-1888.301627745461,-1888.339778585586,-1888.309765681906,-1888.310559494299,-1888.145463469917,-1888.32648366114,-1888.322639753245,-1888.328392638662,-1888.330797437128,-1888.338837539359,-1888.326166340046,-1888.3336569229318,-1888.357091734577,-1888.364126101769,-1888.324880520191,-1888.36194837425,-1888.36254318806,-1888.333657930033,-1888.380420213953,-1888.3510432329758,-1888.384103676653,-1888.383208523899,-1888.384252993053,-1888.373500670079,-1888.384298527895,-1888.383173833424,-1888.378934855867,-1888.386293844564,-1888.372099530501,-1888.370636311201,-1888.359032434226,-1888.373015546419,-1888.370408093104,-1888.36076053115,-1888.367760487622,-1888.372094496997
