EQ,group
0,0
1,1
2,0
3,2
4,3
5,4
6,2
7,5
8,6
9,1
10,1
11,7
12,3
13,8
14,9
15,4
16,2
17,10
18,3
19,7
20,11
21,2
22,4
23,12
24,7
25,3
26,2
27,2
28,2
29,13
30,10
31,11
32,14
33,3
34,9
35,7
36,11
37,15
38,7
39,1
40,7
41,2
42,0
43,2
44,7
45,2
46,7
47,0
48,2
49,16
50,7
51,0
52,9
53,7
54,7
55,7
56,7
57,3
58,7
59,13
60,7
61,0
62,4
63,16
64,7
65,2
66,14
67,17
68,18
69,19
70,0
71,0
72,3
73,11
74,11
75,2
76,7
77,7
78,2
79,11
80,7
81,10
82,20
83,1
84,4
85,21
86,22
87,9
88,7
89,3
90,6
91,2
92,0
93,4
94,0
95,2
96,9
97,3
98,3
99,0
100,11
101,23
102,10
103,19
104,3
105,1
106,19
107,4
108,10
109,20
110,24
111,24
112,25
113,26
114,27
115,3
116,3
117,28
118,7
119,24
120,3
121,7
122,7
123,19
124,19
125,6
126,3
127,3
128,19
129,7
130,7
131,7
132,19
133,29
134,7
135,25
136,3
137,7
138,21
139,3
140,30
141,19
142,7
143,7
144,10
145,7
146,25
147,14
148,31
149,19
150,32
151,12
152,29
153,33
154,21
155,21
156,25
157,19
158,4
159,6
160,12
161,2
162,25
163,21
164,7
165,7
166,7
167,5
168,25
169,19
170,3
171,24
172,21
173,21
174,34
175,19
176,7
177,6
178,18
179,18
180,18
181,19
182,19
183,16
184,16
185,25
186,19
187,19
188,12
189,7
190,3
191,7
192,0
193,18
194,35
195,20
196,20
197,3
198,32
199,14
200,7
201,3
202,3
203,25
204,3
205,36
206,7
207,7
208,7
209,3
210,8
211,8
212,37
213,38
214,39
215,40
216,7
217,7
218,35
219,41
220,26
221,27
222,7
223,7
224,4
225,16
226,2
227,1
228,7
229,7
230,1
231,20
232,3
233,3
234,12
235,12
236,17
237,2
238,2
239,2
240,7
241,20
242,16
243,18
244,25
245,4
246,2
247,4
248,3
249,7
250,4
251,16
252,30
253,42
254,43
255,4
256,44
257,3
258,3
259,13
260,18
261,45
262,25
263,42
264,8
265,18
266,46
267,46
268,20
269,47
270,18
271,18
272,2
273,48
274,49
275,7
276,11
277,16
278,4
279,18
280,18
281,1
282,50
283,18
284,51
285,42
286,52
287,19
288,24
289,53
290,53
291,2
292,46
293,46
294,54
295,3
296,7
297,7
298,55
299,18
300,56
301,2
302,11
303,2
304,42
305,7
306,54
307,38
308,21
309,57
310,9
311,3
312,58
313,38
314,0
315,31
316,20
317,14
318,14
319,3
320,32
321,32
322,18
323,16
324,2
325,20
326,19
327,16
328,11
329,7
330,32
331,32
332,32
333,59
334,21
335,18
336,20
337,0
338,7
339,0
340,16
341,13
342,20
343,1
344,60
345,13
346,2
347,2
348,3
349,3
350,19
351,61
352,2
353,2
354,25
355,25
356,62
357,62
358,63
359,51
360,64
361,12
362,2
363,6
364,12
365,65
366,7
367,13
368,13
369,54
370,20
371,20
372,12
373,66
374,18
375,13
376,13
377,45
378,31
379,4
380,4
381,18
382,18
383,10
384,0
385,67
386,58
387,3
388,2
389,2
390,28
391,3
392,28
393,68
394,69
395,70
396,2
397,1
398,2
399,37
400,0
401,0
402,11
403,11
404,11
405,20
406,45
407,19
408,38
409,71
410,72
411,13
412,13
413,13
414,8
415,42
416,1
417,0
418,15
419,20
420,12
421,12
422,73
423,74
424,75
425,2
426,76
427,20
428,20
429,55
430,7
431,20
432,20
433,3
434,44
435,9
436,7
437,18
438,1
439,77
440,78
441,79
442,79
443,2
444,55
445,79
446,79
447,79
448,40
449,3
450,1
451,54
452,80
453,80
454,38
455,34
456,14
457,25
458,25
459,17
460,58
461,58
462,2
463,20
464,13
465,67
466,3
467,81
468,81
469,4
470,20
471,82
472,35
473,7
474,7
475,20
476,2
477,35
478,2
479,80
480,80
481,7
482,16
483,19
484,19
485,72
486,72
487,4
488,7
489,7
490,81
491,83
492,84
493,54
494,12
495,85
496,85
497,86
498,87
499,87
500,87
501,20
502,20
503,54
504,76
505,66
506,71
507,3
508,45
509,20
510,72
511,7
512,3
513,44
514,36
515,45
516,45
517,0
518,3
519,88
520,11
521,45
522,38
523,3
524,3
525,3
526,3
527,35
528,1
529,8
530,2
531,89
532,90
533,19
534,71
535,46
536,46
537,56
538,3
539,37
540,3
541,75
542,91
543,7
544,54
545,54
546,45
547,92
548,46
549,46
550,54
551,54
552,3
553,63
554,93
555,35
556,42
557,7
558,20
559,18
560,18
561,2
562,2
563,3
564,19
565,42
566,44
567,35
568,3
569,0
570,1
571,1
572,25
573,25
574,7
575,66
576,28
577,45
578,45
579,7
580,57
581,3
582,0
583,94
584,12
585,16
586,12
587,95
588,96
589,96
590,11
591,11
592,11
593,3
594,4
595,3
596,2
597,4
598,81
599,97
600,75
601,58
602,58
603,38
604,50
605,45
606,19
607,38
608,98
609,72
610,3
611,3
612,0
613,58
614,54
615,99
616,99
617,7
618,7
619,20
620,63
621,3
622,3
623,3
624,36
625,2
626,2
627,19
628,19
629,25
630,48
631,51
632,3
633,100
634,101
635,18
636,17
637,21
638,102
639,103
640,104
641,0
642,105
643,106
644,2
645,45
646,73
647,45
648,3
649,25
650,45
651,7
652,7
653,7
654,6
655,8
656,1
657,3
658,7
659,11
660,3
661,9
662,9
663,37
664,96
665,0
666,17
667,3
668,13
669,3
670,2
671,75
672,29
673,19
674,10
675,0
676,2
677,21
678,24
679,24
680,20
681,3
682,107
683,108
684,68
685,4
686,2
687,2
688,7
689,109
690,109
691,3
692,11
693,2
694,38
695,7
696,110
697,111
698,20
699,12
700,2
701,112
702,113
703,114
704,51
705,42
706,43
707,18
708,19
709,3
710,4
711,4
712,3
713,29
714,79
715,6
716,115
717,116
718,11
719,109
720,32
721,117
722,20
723,3
724,118
725,119
726,18
727,18
728,13
729,120
730,57
731,62
732,46
733,46
734,2
735,75
736,25
737,7
738,21
739,18
740,121
741,103
742,62
743,62
744,62
745,2
746,7
747,11
748,2
749,11
750,2
751,2
752,2
753,113
754,83
755,83
756,98
757,46
758,46
759,122
760,123
761,3
762,18
763,75
764,3
765,37
766,52
767,18
768,90
769,90
770,17
771,32
772,3
773,2
774,2
775,83
776,81
777,97
778,2
779,36
780,7
781,7
782,2
783,124
784,0
785,75
786,19
787,3
788,125
789,125
790,126
791,58
792,7
793,58
794,54
795,18
796,13
797,0
798,127
799,128
800,129
801,130
802,75
803,3
804,1
805,11
806,1
807,9
808,2
809,4
810,6
811,17
812,17
813,131
814,2
815,4
816,4
817,132
818,7
819,133
820,96
821,134
822,134
823,4
824,135
825,136
826,136
827,11
828,3
829,137
830,59
831,13
832,13
833,13
834,3
835,11
836,92
837,24
838,134
839,19
840,16
841,73
842,73
843,24
844,138
845,3
846,7
847,139
848,46
849,19
850,91
851,46
852,140
853,7
854,21
855,91
856,46
857,141
858,142
859,143
860,7
861,46
862,3
863,68
864,19
865,144
866,51
867,145
868,145
869,146
870,147
871,148
872,29
873,38
874,7
875,21
876,3
877,3
878,7
879,147
880,46
881,46
882,37
883,37
884,149
885,150
886,7
887,3
888,151
889,8
890,21
891,3
892,29
893,151
894,2
895,86
896,40
897,152
898,153
899,46
900,7
901,7
902,92
903,96
904,154
905,0
906,88
907,7
908,18
909,18
910,155
911,16
912,45
913,3
914,3
915,109
916,21
917,75
918,156
919,156
920,157
921,158
922,159
923,37
924,37
925,160
926,148
927,161
928,55
929,99
930,7
931,46
932,21
933,57
934,91
935,157
936,157
937,147
938,25
939,155
940,46
941,147
942,3
943,24
944,42
945,43
946,7
947,55
948,46
949,46
950,12
951,19
952,32
953,7
954,46
955,46
956,3
957,7
958,1
959,25
960,25
961,157
962,19
963,19
964,162
965,109
966,28
967,163
968,45
969,3
970,62
971,148
972,161
973,42
974,43
975,164
976,46
977,11
978,165
979,46
980,100
981,100
982,23
983,1
984,166
985,12
986,7
987,7
988,3
989,134
990,151
991,13
992,167
993,3
994,46
995,99
996,3
997,46
998,46
999,3
1000,46
1001,7
1002,168
1003,141
1004,46
1005,3
1006,72
1007,72
1008,37
1009,12
1010,2
1011,143
1012,143
1013,80
1014,169
1015,2
1016,46
1017,123
1018,170
1019,170
1020,2
1021,171
1022,171
1023,151
1024,172
1025,173
1026,51
1027,51
1028,64
1029,46
1030,20
1031,161
1032,25
1033,7
1034,31
1035,20
1036,20
1037,163
1038,25
1039,25
1040,75
1041,2
1042,32
1043,146
1044,147
1045,174
1046,175
1047,20
1048,46
1049,151
1050,176
1051,71
1052,81
1053,81
1054,83
1055,151
1056,19
1057,2
1058,52
1059,52
1060,21
1061,21
1062,45
1063,177
1064,51
1065,35
1066,18
1067,76
1068,37
1069,37
1070,20
1071,146
1072,25
1073,152
1074,99
1075,148
1076,148
1077,161
1078,7
1079,151
1080,178
1081,55
1082,32
1083,24
1084,24
1085,179
1086,20
1087,25
1088,168
1089,24
1090,144
1091,46
1092,3
1093,7
1094,75
1095,41
1096,32
1097,109
1098,146
1099,46
1100,7
1101,10
1102,2
1103,75
1104,151
1105,18
1106,24
1107,46
1108,180
1109,181
1110,18
1111,18
1112,46
1113,3
1114,46
1115,165
1116,68
1117,46
1118,3
1119,46
1120,7
1121,33
1122,3
1123,3
1124,37
1125,182
1126,7
1127,3
1128,165
1129,41
1130,46
1131,30
1132,37
1133,37
1134,183
1135,144
1136,144
1137,155
1138,46
1139,46
1140,7
1141,7
1142,161
1143,7
1144,7
1145,62
1146,62
1147,62
1148,146
1149,46
1150,7
1151,168
1152,25
1153,184
1154,24
1155,185
1156,41
1157,46
1158,148
1159,158
1160,46
1161,186
1162,3
1163,46
1164,146
1165,146
1166,187
1167,188
1168,188
1169,46
1170,128
1171,129
1172,129
1173,20
1174,46
1175,46
1176,157
1177,161
1178,46
1179,46
1180,145
1181,140
1182,189
1183,190
1184,37
1185,146
1186,191
1187,7
1188,3
1189,3
1190,25
1191,158
1192,158
1193,148
1194,192
1195,145
1196,155
1197,188
1198,19
1199,46
1200,155
1201,46
1202,3
1203,46
1204,38
1205,38
1206,42
1207,42
1208,21
1209,46
1210,109
1211,19
1212,46
1213,16
1214,3
1215,19
1216,32
1217,190
1218,46
1219,46
1220,46
1221,23
1222,82
1223,193
1224,194
1225,195
1226,7
1227,196
1228,55
1229,54
1230,182
1231,7
1232,148
1233,46
1234,3
1235,3
1236,46
1237,46
1238,7
1239,2
1240,6
1241,42
1242,146
1243,146
1244,147
1245,148
1246,197
1247,38
1248,198
1249,46
1250,46
1251,109
1252,81
1253,81
1254,16
1255,46
1256,157
1257,7
1258,7
1259,25
1260,157
1261,199
1262,190
1263,21
1264,7
1265,168
1266,3
1267,3
1268,155
1269,200
1270,7
1271,37
1272,151
1273,3
1274,19
1275,155
1276,201
1277,146
1278,3
1279,20
1280,19
1281,2
1282,7
1283,46
1284,32
1285,176
1286,202
1287,20
1288,57
1289,68
1290,148
1291,158
1292,158
1293,68
1294,151
1295,40
1296,45
1297,25
1298,25
1299,203
1300,203
1301,32
1302,204
1303,205
1304,148
1305,188
1306,176
1307,182
1308,206
1309,190
1310,46
1311,32
1312,46
1313,166
1314,41
1315,146
1316,55
1317,155
1318,155
1319,207
1320,95
1321,146
1322,208
1323,209
1324,3
1325,51
1326,51
1327,19
1328,41
1329,109
1330,155
1331,143
1332,3
1333,46
1334,46
1335,7
1336,57
1337,99
1338,46
1339,46
1340,174
1341,109
1342,46
1343,210
1344,42
1345,46
1346,46
1347,109
1348,211
1349,211
1350,148
1351,212
1352,182
1353,188
1354,148
1355,161
1356,19
1357,7
1358,7
1359,7
1360,19
1361,46
1362,163
1363,163
1364,109
1365,7
1366,40
1367,153
1368,145
1369,46
1370,19
1371,37
1372,37
1373,160
1374,213
1375,146
1376,199
1377,199
1378,46
1379,192
1380,192
1381,46
1382,196
1383,214
1384,63
1385,7
1386,3
1387,46
1388,46
1389,155
1390,200
1391,38
1392,7
1393,38
1394,3
1395,7
1396,148
1397,148
1398,212
1399,215
1400,216
1401,206
1402,217
1403,3
1404,3
1405,37
1406,41
1407,32
1408,218
1409,219
1410,158
1411,212
1412,157
1413,146
1414,196
1415,220
1416,32
1417,221
1418,222
1419,143
1420,12
1421,223
1422,46
1423,196
1424,158
1425,190
1426,3
1427,3
1428,224
1429,225
1430,225
1431,154
1432,226
1433,146
1434,46
1435,46
1436,46
1437,91
1438,227
1439,46
1440,146
1441,46
1442,42
1443,42
1444,53
1445,19
1446,157
1447,32
1448,32
1449,3
1450,75
1451,2
1452,45
1453,188
1454,146
1455,4
1456,205
1457,32
1458,46
1459,158
1460,228
1461,68
1462,57
1463,146
1464,146
1465,109
1466,46
1467,2
1468,7
1469,63
1470,158
1471,229
1472,180
1473,46
1474,46
1475,155
1476,155
1477,155
1478,42
1479,144
1480,81
1481,81
1482,230
1483,3
1484,3
1485,7
1486,99
1487,41
1488,41
1489,21
1490,7
1491,57
1492,146
1493,157
1494,158
1495,19
1496,231
1497,231
1498,232
1499,233
1500,161
1501,109
1502,7
1503,55
1504,157
1505,234
1506,3
1507,3
1508,235
1509,158
1510,235
1511,2
1512,236
1513,236
1514,158
1515,235
1516,46
1517,46
1518,233
1519,236
1520,237
1521,238
1522,157
1523,25
1524,239
1525,161
1526,157
1527,37
1528,37
1529,14
1530,32
1531,157
1532,161
1533,240
1534,157
1535,54
1536,232
1537,234
1538,241
1539,157
1540,235
1541,235
1542,157
1543,16
1544,21
1545,109
1546,21
1547,161
1548,46
1549,157
1550,24
1551,35
1552,157
1553,157
1554,242
1555,7
1556,209
1557,243
1558,244
1559,51
1560,46
1561,51
1562,3
1563,16
1564,157
1565,245
1566,245
1567,245
1568,87
1569,43
1570,46
1571,146
1572,157
1573,46
1574,235
1575,161
1576,157
1577,246
1578,233
1579,2
1580,8
1581,157
1582,247
1583,237
1584,3
1585,232
1586,248
1587,180
1588,180
1589,190
1590,157
1591,249
1592,168
1593,231
1594,157
1595,3
1596,157
1597,250
1598,157
1599,157
1600,157
1601,3
1602,3
1603,25
1604,251
1605,7
1606,252
1607,253
1608,141
1609,161
1610,157
1611,254
1612,161
1613,3
1614,25
1615,152
1616,146
1617,147
1618,41
1619,157
1620,3
1621,157
1622,157
1623,236
1624,3
1625,252
1626,109
1627,91
1628,146
1629,147
1630,25
1631,236
1632,231
1633,255
1634,7
1635,10
1636,212
1637,46
1638,256
1639,232
1640,257
1641,252
1642,258
1643,3
1644,192
1645,192
1646,91
1647,52
1648,52
1649,52
1650,219
1651,46
1652,46
1653,157
1654,91
1655,192
1656,37
1657,259
1658,190
1659,18
1660,18
1661,260
1662,157
1663,91
1664,261
1665,3
1666,157
1667,24
1668,24
1669,203
1670,157
1671,157
1672,157
1673,7
1674,157
1675,57
1676,10
1677,6
1678,252
1679,252
1680,7
1681,157
1682,157
1683,7
1684,7
1685,157
1686,252
1687,157
1688,46
1689,262
1690,263
1691,81
1692,92
1693,143
1694,161
1695,157
1696,233
1697,161
1698,243
1699,2
1700,148
1701,157
1702,264
1703,265
1704,51
1705,266
1706,237
1707,209
1708,209
1709,243
1710,24
1711,157
1712,267
1713,18
1714,268
1715,269
1716,157
1717,157
1718,41
1719,270
1720,271
1721,157
1722,157
1723,209
1724,272
1725,262
1726,161
1727,161
1728,249
1729,157
1730,243
1731,243
1732,273
1733,274
1734,275
1735,276
1736,277
1737,278
1738,233
1739,279
1740,279
1741,233
1742,161
1743,3
1744,2
1745,157
1746,235
1747,157
1748,37
1749,280
1750,281
1751,161
1752,11
1753,41
1754,46
1755,188
1756,282
1757,157
1758,235
1759,96
1760,46
1761,46
1762,46
1763,283
1764,229
1765,180
1766,284
1767,185
1768,233
1769,157
1770,161
1771,285
1772,286
1773,157
1774,237
1775,161
1776,157
1777,250
1778,287
1779,259
1780,288
1781,233
1782,233
1783,157
1784,157
1785,31
1786,31
1787,161
1788,161
1789,157
1790,41
1791,157
1792,157
1793,232
1794,289
1795,233
1796,233
1797,161
1798,161
1799,254
1800,157
1801,157
1802,252
1803,161
1804,161
1805,3
1806,137
1807,59
1808,59
1809,19
1810,19
1811,275
1812,290
1813,291
1814,286
1815,42
1816,292
1817,292
1818,2
1819,168
1820,252
1821,293
1822,157
1823,157
1824,3
1825,2
1826,148
1827,250
1828,258
1829,258
1830,286
1831,209
1832,252
1833,258
1834,236
1835,236
1836,294
1837,295
1838,219
1839,219
1840,157
1841,296
1842,157
1843,157
1844,297
1845,157
1846,252
1847,233
1848,157
1849,157
1850,298
1851,59
1852,59
1853,271
1854,271
1855,142
1856,252
1857,292
1858,232
1859,236
1860,254
1861,299
1862,300
1863,257
1864,301
1865,161
1866,302
1867,262
1868,157
1869,193
1870,193
1871,234
1872,303
1873,303
1874,304
1875,305
1876,298
1877,157
1878,262
1879,262
1880,2
1881,233
1882,306
1883,239
1884,250
1885,270
1886,5
1887,7
1888,243
1889,192
1890,32
1891,161
1892,161
1893,272
1894,262
1895,2
1896,4
1897,307
1898,238
1899,42
1900,157
1901,157
1902,157
1903,161
1904,308
1905,309
1906,310
1907,243
1908,161
1909,243
1910,157
1911,301
1912,24
1913,157
1914,161
1915,157
1916,24
1917,249
1918,264
1919,192
1920,180
1921,234
1922,234
1923,157
1924,233
1925,148
1926,311
1927,254
1928,157
1929,157
1930,247
1931,252
1932,161
1933,157
1934,312
1935,42
1936,252
1937,2
1938,75
1939,233
1940,243
1941,233
1942,252
1943,292
1944,161
1945,238
1946,313
1947,314
1948,168
1949,7
1950,157
1951,212
1952,41
1953,186
1954,315
1955,316
1956,20
1957,252
1958,236
1959,236
1960,157
1961,317
1962,267
1963,318
1964,219
1965,291
1966,28
1967,319
1968,157
1969,292
1970,320
1971,320
1972,291
1973,233
1974,233
1975,38
1976,180
1977,180
1978,321
1979,322
1980,272
1981,148
1982,157
1983,323
1984,324
1985,317
1986,157
1987,157
1988,275
1989,252
1990,325
1991,3
1992,326
1993,128
1994,327
1995,328
1996,329
1997,157
1998,249
1999,157
2000,317
2001,252
2002,292
2003,330
2004,161
2005,262
2006,196
2007,331
2008,250
2009,330
2010,286
2011,157
2012,32
2013,3
2014,252
2015,332
2016,3
2017,57
2018,333
2019,252
2020,252
2021,243
2022,239
2023,252
2024,157
2025,334
2026,252
2027,292
2028,38
2029,38
2030,37
2031,37
2032,335
2033,252
2034,239
2035,254
2036,45
2037,252
2038,161
2039,270
2040,121
2041,336
2042,337
2043,296
2044,161
2045,252
2046,252
2047,338
2048,339
2049,296
2050,252
2051,209
2052,300
2053,234
2054,258
2055,292
2056,252
2057,340
2058,233
2059,233
2060,157
2061,247
2062,341
2063,65
2064,252
2065,342
2066,341
2067,296
2068,343
2069,344
2070,238
2071,296
2072,345
2073,275
2074,252
2075,252
2076,334
2077,252
2078,252
2079,252
2080,277
2081,278
2082,270
2083,270
2084,252
2085,341
2086,233
2087,255
2088,346
2089,252
2090,252
2091,312
2092,255
2093,3
2094,254
2095,322
2096,2
2097,45
2098,239
2099,347
2100,270
2101,252
2102,292
2103,348
2104,23
2105,9
2106,2
2107,9
2108,0
2109,349
2110,76
2111,23
2112,324
2113,23
2114,9
2115,13
2116,275
2117,46
2118,23
2119,8
2120,23
2121,324
2122,76
2123,8
2124,8
2125,1
2126,350
2127,7
2128,13
2129,351
2130,7
2131,7
2132,23
2133,2
2134,8
2135,324
2136,3
2137,352
2138,353
2139,354
2140,9
2141,13
2142,355
2143,324
2144,2
2145,9
2146,17
2147,324
2148,324
2149,356
2150,357
2151,358
2152,2
2153,359
2154,360
2155,324
2156,13
2157,51
2158,7
2159,324
2160,324
2161,324
2162,76
2163,163
2164,3
2165,7
2166,17
2167,275
2168,324
2169,361
2170,324
2171,324
2172,362
2173,363
2174,17
2175,0
2176,364
2177,324
2178,365
2179,366
2180,275
2181,275
2182,367
2183,368
2184,324
2185,369
2186,45
2187,367
2188,370
2189,371
2190,372
2191,324
2192,365
2193,275
2194,355
2195,324
2196,362
2197,362
2198,373
2199,6
2200,324
2201,374
2202,375
2203,324
2204,324
2205,285
2206,367
2207,324
2208,324
2209,355
2210,23
2211,355
2212,355
2213,376
2214,324
2215,13
2216,324
2217,377
2218,68
2219,8
2220,48
2221,378
2222,13
2223,368
2224,367
2225,362
2226,324
2227,271
2228,362
2229,0
2230,66
2231,45
2232,9
2233,13
2234,379
2235,380
2236,139
2237,0
2238,23
2239,13
2240,3
2241,0
2242,13
2243,381
2244,382
2245,0
2246,23
2247,0
2248,2
2249,355
2250,171
2251,3
2252,383
2253,0
2254,13
2255,13
2256,0
2257,384
2258,11
2259,13
2260,0
2261,3
2262,11
2263,11
2264,385
2265,386
2266,7
2267,2
2268,24
2269,10
2270,24
2271,387
2272,387
2273,7
2274,121
2275,3
2276,0
2277,35
2278,3
2279,55
2280,388
2281,3
2282,3
2283,80
2284,389
2285,3
2286,3
2287,32
2288,24
2289,24
2290,42
2291,390
2292,2
2293,3
2294,7
2295,7
2296,7
2297,391
2298,275
2299,241
2300,144
2301,144
2302,7
2303,324
2304,275
2305,392
2306,356
2307,7
2308,42
2309,275
2310,354
2311,324
2312,3
2313,324
2314,74
2315,393
2316,394
2317,275
2318,324
2319,395
2320,396
2321,4
2322,324
2323,275
2324,45
2325,45
2326,275
2327,324
2328,324
2329,32
2330,324
2331,324
2332,354
2333,42
2334,4
2335,55
2336,275
2337,355
2338,328
2339,3
2340,328
2341,397
2342,398
2343,399
2344,368
2345,275
2346,42
2347,51
2348,80
2349,324
2350,340
2351,400
2352,401
2353,348
2354,270
2355,327
2356,402
2357,355
2358,403
2359,275
2360,355
2361,324
2362,324
2363,404
2364,9
2365,1
2366,9
2367,324
2368,324
2369,367
2370,405
2371,285
2372,275
2373,271
2374,362
2375,285
2376,363
2377,324
2378,352
2379,275
2380,275
2381,361
2382,324
2383,393
2384,324
2385,275
2386,324
2387,398
2388,377
2389,406
2390,407
2391,355
2392,275
2393,352
2394,324
2395,324
2396,324
2397,324
2398,324
2399,324
2400,408
2401,409
2402,271
2403,254
2404,324
2405,410
2406,410
2407,411
2408,412
2409,377
2410,355
2411,324
2412,324
2413,275
2414,232
2415,413
2416,413
2417,147
2418,398
2419,403
2420,270
2421,3
2422,414
2423,271
2424,275
2425,275
2426,377
2427,324
2428,270
2429,275
2430,275
2431,275
2432,415
2433,324
2434,368
2435,275
2436,352
2437,324
2438,362
2439,355
2440,355
2441,367
2442,416
2443,350
2444,88
2445,88
2446,88
2447,324
2448,324
2449,417
2450,367
2451,367
2452,418
2453,37
2454,324
2455,419
2456,420
2457,420
2458,355
2459,421
2460,275
2461,398
2462,363
2463,241
2464,270
2465,398
2466,398
2467,324
2468,275
2469,422
2470,423
2471,275
2472,424
2473,425
2474,285
2475,157
2476,21
2477,367
2478,324
2479,324
2480,355
2481,3
2482,426
2483,378
2484,427
2485,324
2486,378
2487,428
2488,275
2489,275
2490,367
2491,324
2492,196
2493,429
2494,234
2495,233
2496,275
2497,373
2498,324
2499,341
2500,270
2501,275
2502,275
2503,275
2504,275
2505,430
2506,68
2507,324
2508,376
2509,355
2510,324
2511,324
2512,252
2513,431
2514,431
2515,324
2516,373
2517,308
2518,271
2519,275
2520,324
2521,414
2522,355
2523,275
2524,275
2525,355
2526,324
2527,432
2528,254
2529,12
2530,28
2531,19
2532,19
2533,324
2534,322
2535,433
2536,376
2537,355
2538,275
2539,275
2540,434
2541,324
2542,435
2543,275
2544,275
2545,324
2546,355
2547,373
2548,403
2549,324
2550,355
2551,324
2552,324
2553,275
2554,275
2555,375
2556,352
2557,275
2558,308
2559,270
2560,275
2561,324
2562,398
2563,362
2564,362
2565,414
2566,367
2567,275
2568,275
2569,275
2570,436
2571,275
2572,368
2573,355
2574,324
2575,324
2576,355
2577,365
2578,324
2579,324
2580,324
2581,368
2582,324
2583,324
2584,291
2585,275
2586,437
2587,377
2588,324
2589,324
2590,285
2591,275
2592,312
2593,19
2594,37
2595,37
2596,335
2597,358
2598,275
2599,398
2600,398
2601,324
2602,324
2603,438
2604,438
2605,398
2606,398
2607,439
2608,275
2609,324
2610,363
2611,109
2612,373
2613,324
2614,378
2615,378
2616,42
2617,275
2618,324
2619,422
2620,407
2621,324
2622,324
2623,378
2624,275
2625,275
2626,377
2627,403
2628,363
2629,275
2630,440
2631,403
2632,403
2633,324
2634,291
2635,368
2636,27
2637,27
2638,367
2639,275
2640,271
2641,415
2642,441
2643,373
2644,324
2645,442
2646,355
2647,324
2648,275
2649,271
2650,327
2651,327
2652,324
2653,442
2654,443
2655,444
2656,275
2657,414
2658,445
2659,373
2660,368
2661,324
2662,324
2663,446
2664,275
2665,275
2666,241
2667,447
2668,442
2669,442
2670,324
2671,367
2672,275
2673,404
2674,264
2675,415
2676,448
2677,398
2678,301
2679,449
2680,450
2681,355
2682,7
2683,324
2684,324
2685,403
2686,275
2687,275
2688,439
2689,355
2690,451
2691,452
2692,442
2693,373
2694,237
2695,286
2696,275
2697,324
2698,197
2699,308
2700,324
2701,453
2702,355
2703,454
2704,454
2705,455
2706,442
2707,442
2708,442
2709,324
2710,341
2711,341
2712,324
2713,285
2714,355
2715,32
2716,275
2717,415
2718,456
2719,275
2720,457
2721,458
2722,459
2723,324
2724,355
2725,460
2726,461
2727,462
2728,462
2729,324
2730,252
2731,275
2732,350
2733,463
2734,324
2735,324
2736,324
2737,442
2738,442
2739,275
2740,176
2741,439
2742,109
2743,464
2744,285
2745,355
2746,357
2747,465
2748,275
2749,424
2750,403
2751,442
2752,466
2753,157
2754,157
2755,252
2756,467
2757,161
2758,275
2759,109
2760,271
2761,355
2762,377
2763,275
2764,241
2765,398
2766,241
2767,275
2768,367
2769,455
2770,439
2771,468
2772,355
2773,324
2774,270
2775,469
2776,275
2777,437
2778,355
2779,355
2780,275
2781,416
2782,440
2783,404
2784,437
2785,275
2786,470
2787,470
2788,275
2789,275
2790,275
2791,368
2792,292
2793,415
2794,415
2795,324
2796,471
2797,472
2798,250
2799,355
2800,180
2801,465
2802,275
2803,275
2804,37
2805,38
2806,357
2807,469
2808,275
2809,275
2810,278
2811,355
2812,188
2813,439
2814,469
2815,469
2816,17
2817,271
2818,422
2819,473
2820,415
2821,59
2822,398
2823,474
2824,271
2825,27
2826,365
2827,368
2828,404
2829,275
2830,373
2831,475
2832,398
2833,398
2834,324
2835,324
2836,324
2837,373
2838,404
2839,404
2840,72
2841,7
2842,3
2843,324
2844,476
2845,275
2846,193
2847,193
2848,270
2849,415
2850,477
2851,25
2852,25
2853,161
2854,373
2855,355
2856,399
2857,398
2858,398
2859,403
2860,398
2861,275
2862,109
2863,109
2864,373
2865,355
2866,161
2867,243
2868,12
2869,275
2870,275
2871,271
2872,46
2873,148
2874,324
2875,275
2876,478
2877,239
2878,100
2879,479
2880,480
2881,398
2882,403
2883,373
2884,481
2885,275
2886,75
2887,324
2888,373
2889,35
2890,274
2891,482
2892,324
2893,275
2894,275
2895,357
2896,373
2897,399
2898,356
2899,356
2900,483
2901,275
2902,30
2903,43
2904,43
2905,275
2906,484
2907,2
2908,161
2909,355
2910,355
2911,155
2912,275
2913,275
2914,275
2915,485
2916,271
2917,328
2918,373
2919,355
2920,275
2921,161
2922,414
2923,7
2924,486
2925,363
2926,324
2927,443
2928,440
2929,470
2930,403
2931,377
2932,403
2933,291
2934,285
2935,285
2936,3
2937,403
2938,403
2939,355
2940,3
2941,355
2942,487
2943,3
2944,373
2945,488
2946,271
2947,489
2948,75
2949,275
2950,275
2951,490
2952,18
2953,491
2954,234
2955,308
2956,492
2957,324
2958,422
2959,44
2960,493
2961,20
2962,7
2963,398
2964,424
2965,0
2966,0
2967,0
2968,324
2969,270
2970,404
2971,352
2972,324
2973,324
2974,324
2975,355
2976,494
2977,324
2978,324
2979,378
2980,378
2981,252
2982,324
2983,324
2984,275
2985,324
2986,324
2987,275
2988,3
2989,3
2990,292
2991,495
2992,7
2993,221
2994,275
2995,496
2996,11
2997,28
2998,324
2999,275
3000,437
3001,163
3002,497
3003,498
3004,352
3005,403
3006,324
3007,168
3008,499
3009,290
3010,500
3011,270
3012,270
3013,38
3014,442
3015,161
3016,161
3017,355
3018,355
3019,285
3020,285
3021,442
3022,275
3023,270
3024,324
3025,232
3026,166
3027,251
3028,275
3029,437
3030,437
3031,111
3032,275
3033,275
3034,275
3035,275
3036,275
3037,6
3038,6
3039,373
3040,373
3041,324
3042,501
3043,324
3044,442
3045,469
3046,37
3047,37
3048,440
3049,469
3050,469
3051,502
3052,437
3053,442
3054,415
3055,324
3056,324
3057,275
3058,378
3059,7
3060,427
3061,415
3062,442
3063,503
3064,7
3065,7
3066,504
3067,505
3068,469
3069,415
3070,262
3071,262
3072,506
3073,422
3074,507
3075,494
3076,51
3077,244
3078,64
3079,161
3080,161
3081,357
3082,503
3083,415
3084,415
3085,378
3086,322
3087,491
3088,368
3089,508
3090,509
3091,510
3092,511
3093,512
3094,513
3095,415
3096,470
3097,469
3098,275
3099,514
3100,515
3101,516
3102,517
3103,505
3104,518
3105,519
3106,519
3107,517
3108,506
3109,506
3110,442
3111,275
3112,469
3113,258
3114,520
3115,442
3116,16
3117,96
3118,464
3119,275
3120,521
3121,442
3122,522
3123,442
3124,469
3125,357
3126,523
3127,442
3128,270
3129,431
3130,275
3131,16
3132,469
3133,469
3134,469
3135,469
3136,324
3137,3
3138,442
3139,469
3140,524
3141,503
3142,525
3143,491
3144,415
3145,355
3146,355
3147,526
3148,10
3149,469
3150,506
3151,524
3152,527
3153,528
3154,529
3155,530
3156,469
3157,531
3158,532
3159,505
3160,469
3161,3
3162,180
3163,519
3164,533
3165,526
3166,534
3167,535
3168,398
3169,532
3170,466
3171,469
3172,536
3173,505
3174,537
3175,494
3176,537
3177,538
3178,505
3179,505
3180,302
3181,506
3182,205
3183,538
3184,469
3185,469
3186,56
3187,454
3188,507
3189,539
3190,460
3191,192
3192,442
3193,494
3194,540
3195,87
3196,494
3197,357
3198,464
3199,539
3200,469
3201,357
3202,469
3203,469
3204,517
3205,233
3206,541
3207,292
3208,442
3209,542
3210,543
3211,544
3212,463
3213,494
3214,545
3215,540
3216,275
3217,368
3218,546
3219,415
3220,7
3221,275
3222,494
3223,373
3224,537
3225,415
3226,415
3227,546
3228,494
3229,537
3230,519
3231,536
3232,505
3233,547
3234,357
3235,548
3236,539
3237,471
3238,472
3239,146
3240,24
3241,549
3242,442
3243,442
3244,550
3245,494
3246,18
3247,25
3248,25
3249,25
3250,469
3251,469
3252,469
3253,494
3254,442
3255,469
3256,469
3257,539
3258,551
3259,275
3260,404
3261,357
3262,469
3263,469
3264,552
3265,503
3266,442
3267,442
3268,464
3269,553
3270,554
3271,554
3272,355
3273,520
3274,520
3275,515
3276,505
3277,7
3278,7
3279,507
3280,506
3281,555
3282,494
3283,494
3284,357
3285,357
3286,442
3287,24
3288,556
3289,557
3290,558
3291,559
3292,538
3293,538
3294,538
3295,306
3296,560
3297,561
3298,537
3299,540
3300,540
3301,373
3302,361
3303,355
3304,503
3305,502
3306,536
3307,205
3308,442
3309,442
3310,68
3311,539
3312,539
3313,368
3314,505
3315,562
3316,503
3317,442
3318,563
3319,539
3320,564
3321,504
3322,415
3323,565
3324,548
3325,415
3326,566
3327,197
3328,197
3329,560
3330,494
3331,551
3332,551
3333,539
3334,548
3335,567
3336,158
3337,568
3338,324
3339,506
3340,442
3341,292
3342,495
3343,415
3344,415
3345,464
3346,464
3347,505
3348,464
3349,507
3350,270
3351,454
3352,507
3353,505
3354,494
3355,494
3356,507
3357,507
3358,569
3359,504
3360,569
3361,538
3362,562
3363,461
3364,546
3365,368
3366,538
3367,469
3368,504
3369,520
3370,469
3371,494
3372,564
3373,564
3374,464
3375,540
3376,546
3377,469
3378,516
3379,546
3380,494
3381,538
3382,494
3383,494
3384,570
3385,494
3386,520
3387,558
3388,571
3389,572
3390,494
3391,241
3392,275
3393,573
3394,471
3395,464
3396,464
3397,564
3398,574
3399,575
3400,252
3401,572
3402,572
3403,572
3404,539
3405,519
3406,507
3407,357
3408,538
3409,324
3410,355
3411,494
3412,494
3413,576
3414,572
3415,572
3416,538
3417,494
3418,572
3419,572
3420,445
3421,494
3422,2
3423,544
3424,531
3425,577
3426,578
3427,579
3428,539
3429,362
3430,539
3431,311
3432,580
3433,572
3434,572
3435,494
3436,452
3437,505
3438,533
3439,574
3440,442
3441,581
3442,572
3443,481
3444,538
3445,557
3446,557
3447,355
3448,494
3449,494
3450,504
3451,577
3452,494
3453,582
3454,583
3455,504
3456,464
3457,583
3458,572
3459,572
3460,539
3461,494
3462,52
3463,539
3464,539
3465,57
3466,584
3467,494
3468,585
3469,494
3470,551
3471,538
3472,538
3473,469
3474,575
3475,586
3476,538
3477,212
3478,212
3479,464
3480,587
3481,503
3482,404
3483,461
3484,571
3485,588
3486,520
3487,464
3488,431
3489,539
3490,519
3491,589
3492,551
3493,357
3494,275
3495,590
3496,590
3497,324
3498,414
3499,591
3500,415
3501,533
3502,537
3503,539
3504,539
3505,592
3506,519
3507,464
3508,292
3509,292
3510,442
3511,538
3512,560
3513,593
3514,554
3515,594
3516,475
3517,291
3518,285
3519,355
3520,536
3521,595
3522,596
3523,539
3524,461
3525,571
3526,357
3527,324
3528,55
3529,464
3530,494
3531,597
3532,598
3533,572
3534,557
3535,574
3536,599
3537,600
3538,275
3539,454
3540,601
3541,574
3542,494
3543,579
3544,602
3545,424
3546,603
3547,519
3548,519
3549,285
3550,508
3551,571
3552,571
3553,157
3554,464
3555,415
3556,521
3557,591
3558,355
3559,604
3560,449
3561,543
3562,516
3563,517
3564,538
3565,165
3566,558
3567,575
3568,605
3569,470
3570,157
3571,157
3572,505
3573,505
3574,519
3575,454
3576,520
3577,538
3578,415
3579,606
3580,469
3581,507
3582,516
3583,469
3584,469
3585,607
3586,233
3587,151
3588,608
3589,572
3590,572
3591,576
3592,190
3593,481
3594,461
3595,543
3596,609
3597,610
3598,517
3599,357
3600,275
3601,324
3602,589
3603,589
3604,25
3605,574
3606,446
3607,611
3608,275
3609,540
3610,324
3611,285
3612,538
3613,504
3614,539
3615,157
3616,612
3617,538
3618,551
3619,398
3620,519
3621,258
3622,613
3623,520
3624,574
3625,520
3626,614
3627,3
3628,580
3629,578
3630,615
3631,469
3632,245
3633,572
3634,572
3635,157
3636,616
3637,517
3638,582
3639,494
3640,494
3641,3
3642,180
3643,415
3644,539
3645,367
3646,617
3647,618
3648,619
3649,575
3650,539
3651,578
3652,620
3653,621
3654,464
3655,536
3656,519
3657,540
3658,552
3659,494
3660,622
3661,312
3662,232
3663,427
3664,529
3665,623
3666,46
3667,624
3668,285
3669,625
3670,626
3671,627
3672,275
3673,442
3674,628
3675,285
3676,464
3677,539
3678,275
3679,461
3680,415
3681,415
3682,536
3683,520
3684,551
3685,629
3686,630
3687,469
3688,631
3689,494
3690,469
3691,357
3692,368
3693,551
3694,632
3695,564
3696,484
3697,563
3698,563
3699,505
3700,461
3701,275
3702,633
3703,355
3704,475
3705,475
3706,442
3707,464
3708,634
3709,441
3710,157
3711,18
3712,635
3713,494
3714,580
3715,580
3716,636
3717,580
3718,574
3719,469
3720,505
3721,469
3722,46
3723,494
3724,449
3725,505
3726,469
3727,519
3728,458
3729,275
3730,161
3731,431
3732,25
3733,368
3734,539
3735,606
3736,457
3737,458
3738,519
3739,507
3740,571
3741,551
3742,574
3743,599
3744,161
3745,552
3746,324
3747,494
3748,637
3749,557
3750,638
3751,583
3752,639
3753,639
3754,538
3755,576
3756,628
3757,324
3758,469
3759,469
3760,458
3761,373
3762,373
3763,537
3764,233
3765,640
3766,505
3767,641
3768,641
3769,642
3770,424
3771,442
3772,519
3773,12
3774,520
3775,583
3776,559
3777,275
3778,285
3779,504
3780,643
3781,357
3782,357
3783,507
3784,628
3785,505
3786,399
3787,511
3788,519
3789,454
3790,357
3791,551
3792,644
3793,442
3794,494
3795,519
3796,529
3797,507
3798,355
3799,494
3800,575
3801,645
3802,504
3803,507
3804,507
3805,543
3806,551
3807,551
3808,551
3809,355
3810,578
3811,572
3812,357
3813,646
3814,494
3815,504
3816,520
3817,622
3818,580
3819,580
3820,507
3821,507
3822,494
3823,551
3824,469
3825,357
3826,538
3827,580
3828,546
3829,560
3830,551
3831,505
3832,494
3833,572
3834,539
3835,494
3836,647
3837,620
3838,533
3839,275
3840,442
3841,520
3842,578
3843,572
3844,575
3845,648
3846,538
3847,494
3848,557
3849,461
3850,580
3851,507
3852,494
3853,649
3854,647
3855,601
3856,650
3857,602
3858,579
3859,270
3860,538
3861,575
3862,651
3863,494
3864,538
3865,507
3866,546
3867,161
3868,575
3869,652
3870,494
3871,445
3872,577
3873,538
3874,538
3875,571
3876,538
3877,579
3878,653
3879,494
3880,442
3881,572
3882,538
3883,540
3884,520
3885,654
3886,571
3887,520
3888,494
3889,655
3890,656
3891,575
3892,494
3893,507
3894,507
3895,494
3896,560
3897,572
3898,572
3899,572
3900,516
3901,431
3902,431
3903,469
3904,649
3905,494
3906,579
3907,580
3908,572
3909,285
3910,25
3911,25
3912,494
3913,243
3914,543
3915,494
3916,546
3917,657
3918,538
3919,572
3920,68
3921,243
3922,306
3923,658
3924,658
3925,659
3926,660
3927,538
3928,571
3929,539
3930,661
3931,578
3932,571
3933,571
3934,662
3935,576
3936,576
3937,516
3938,661
3939,642
3940,658
3941,454
3942,663
3943,664
3944,324
3945,324
3946,620
3947,665
3948,494
3949,666
3950,638
3951,579
3952,579
3953,667
